areaCode,areaName,areaType,date,cumCasesByPublishDate,cumDeaths28DaysByPublishDate,hospitalCases,newCasesByPublishDate,newDeaths28DaysByPublishDate
E92000001,England,nation,2022-03-02,16117745,140698,8402,32077,42
E92000001,England,nation,2022-03-01,16085841,140656,8486,26711,158
E92000001,England,nation,2022-02-28,16059214,140498,8538,60595,106
E92000001,England,nation,2022-02-27,15998983,140392,8305,0,0
E92000001,England,nation,2022-02-26,15998983,140392,8197,0,0
E92000001,England,nation,2022-02-25,15998983,140392,8498,23526,97
E92000001,England,nation,2022-02-24,15975718,140295,8645,28193,99
E92000001,England,nation,2022-02-23,15947871,140196,8868,29703,140
E92000001,England,nation,2022-02-22,15918472,140056,8948,30080,170
E92000001,England,nation,2022-02-21,15888557,139886,9229,29753,10
E92000001,England,nation,2022-02-20,15859074,139876,9058,23831,69
E92000001,England,nation,2022-02-19,15835403,139807,9187,32230,123
E92000001,England,nation,2022-02-18,15803539,139684,9258,36900,130
E92000001,England,nation,2022-02-17,15767071,139554,9600,40376,156
E92000001,England,nation,2022-02-16,15727107,139398,9804,42756,170
E92000001,England,nation,2022-02-15,15684719,139228,10019,36471,214
E92000001,England,nation,2022-02-14,15648433,139014,10273,31943,23
E92000001,England,nation,2022-02-13,15616753,138991,10049,32316,50
E92000001,England,nation,2022-02-12,15584863,138941,10010,37791,147
E92000001,England,nation,2022-02-11,15547597,138794,10367,46736,160
E92000001,England,nation,2022-02-10,15501331,138634,10734,53993,170
E92000001,England,nation,2022-02-09,15447906,138464,11071,59193,242
E92000001,England,nation,2022-02-08,15389601,138222,11471,58453,294
E92000001,England,nation,2022-02-07,15331148,137928,11710,48601,34
E92000001,England,nation,2022-02-06,15282993,137894,11529,49533,61
E92000001,England,nation,2022-02-05,15234229,137833,11604,57377,232
E92000001,England,nation,2022-02-04,15177316,137601,12032,73185,228
E92000001,England,nation,2022-02-03,15106124,137373,12423,77189,258
E92000001,England,nation,2022-02-02,15028951,137115,12577,81446,519
E92000001,England,nation,2022-02-01,14948735,136596,12896,103353,185
E92000001,England,nation,2022-01-31,14845382,135509,13331,81720,37
E92000001,England,nation,2022-01-30,14023177,135472,12992,59559,75
E92000001,England,nation,2022-01-29,13963618,135397,12672,69137,275
E92000001,England,nation,2022-01-28,13895065,135122,13462,78711,247
E92000001,England,nation,2022-01-27,13817017,134875,13651,85288,302
E92000001,England,nation,2022-01-26,13732435,134573,13948,90587,300
E92000001,England,nation,2022-01-25,13642522,134273,14088,84302,409
E92000001,England,nation,2022-01-24,13558510,133864,14563,77232,44
E92000001,England,nation,2022-01-23,13482354,133820,14334,68913,58
E92000001,England,nation,2022-01-22,13413441,133762,14320,73331,262
E92000001,England,nation,2022-01-21,13341488,133500,14865,85902,255
E92000001,England,nation,2022-01-20,13255586,133245,15302,95974,280
E92000001,England,nation,2022-01-19,13160429,132965,15742,96545,301
E92000001,England,nation,2022-01-18,13064494,132664,16218,84987,400
E92000001,England,nation,2022-01-17,12979908,132264,16621,74249,63
E92000001,England,nation,2022-01-16,12906041,132201,16372,66273,79
E92000001,England,nation,2022-01-15,12840532,132122,16281,74576,266
E92000001,England,nation,2022-01-14,12766944,131856,16537,87857,221
E92000001,England,nation,2022-01-13,12680151,131635,16716,97770,284
E92000001,England,nation,2022-01-12,12585787,131351,16881,116173,361
E92000001,England,nation,2022-01-11,12469614,130990,16939,104833,358
E92000001,England,nation,2022-01-10,12370121,130632,17120,115998,55
E92000001,England,nation,2022-01-09,12254123,130577,16399,121228,84
E92000001,England,nation,2022-01-08,12132895,130493,16034,130330,282
E92000001,England,nation,2022-01-07,12008346,130211,16163,149405,193
E92000001,England,nation,2022-01-06,11858941,130018,16058,152306,203
E92000001,England,nation,2022-01-05,11706635,129815,15659,150232,316
E92000001,England,nation,2022-01-04,11557285,129499,15044,148725,25
E92000001,England,nation,2022-01-03,11408560,129474,14210,137541,42
E92000001,England,nation,2022-01-02,11272332,129432,13151,123547,59
E92000001,England,nation,2022-01-01,11151423,129373,12615,162572,154
E92000001,England,nation,2021-12-31,10988851,129219,12395,160276,178
E92000001,England,nation,2021-12-30,10828575,129041,11452,146604,317
E92000001,England,nation,2021-12-29,10683026,128724,10462,138287,38
E92000001,England,nation,2021-12-28,10545584,128686,9546,117093,15
E92000001,England,nation,2021-12-27,10429274,128671,8474,98515,143
E92000001,England,nation,2021-12-26,10332128,128528,7536,103558,0
E92000001,England,nation,2021-12-25,10229538,128528,7166,113628,0
E92000001,England,nation,2021-12-24,10115910,128528,7366,105069,114
E92000001,England,nation,2021-12-23,10011650,128414,7114,107055,125
E92000001,England,nation,2021-12-22,9905451,128289,7080,95795,123
E92000001,England,nation,2021-12-21,9810446,128166,6902,80916,154
E92000001,England,nation,2021-12-20,9731126,128012,6688,76065,35
E92000001,England,nation,2021-12-19,9655061,127977,6434,71702,38
E92000001,England,nation,2021-12-18,9584269,127939,6287,82426,111
E92000001,England,nation,2021-12-17,9503176,127828,6321,83693,98
E92000001,England,nation,2021-12-16,9420017,127730,6405,77299,122
E92000001,England,nation,2021-12-15,9343520,127608,6358,68868,129
E92000001,England,nation,2021-12-14,9275513,127479,6434,53093,138
E92000001,England,nation,2021-12-13,9222932,127341,6395,44931,26
E92000001,England,nation,2021-12-12,9178705,127315,6223,40713,44
E92000001,England,nation,2021-12-11,9138773,127271,6095,48540,117
E92000001,England,nation,2021-12-10,9092016,127154,6088,48908,90
E92000001,England,nation,2021-12-09,9043108,127064,6130,43550,113
E92000001,England,nation,2021-12-08,9000391,126951,6053,44019,134
E92000001,England,nation,2021-12-07,8957091,126817,6027,38866,161
E92000001,England,nation,2021-12-06,8918807,126656,5992,41525,34
E92000001,England,nation,2021-12-05,8877883,126622,5903,37396,41
E92000001,England,nation,2021-12-04,8841194,126581,5784,39949,104
E92000001,England,nation,2021-12-03,8802632,126477,5851,43888,115
E92000001,England,nation,2021-12-02,8758744,126362,5915,45880,104
E92000001,England,nation,2021-12-01,8713738,126258,5829,41519,141
E92000001,England,nation,2021-11-30,8673344,126117,6123,33590,143
E92000001,England,nation,2021-11-29,8639754,125974,6094,34906,21
E92000001,England,nation,2021-11-28,8605284,125953,5890,32136,40
E92000001,England,nation,2021-11-27,8574315,125913,5852,35798,112
E92000001,England,nation,2021-11-26,8538517,125801,5992,42272,125
E92000001,England,nation,2021-11-25,8496990,125676,6068,40382,113
E92000001,England,nation,2021-11-24,8457187,125563,6062,36511,129
E92000001,England,nation,2021-11-23,8421911,125434,6257,36550,140
E92000001,England,nation,2021-11-22,8385361,125294,6424,36478,34
E92000001,England,nation,2021-11-21,8349363,125260,6322,33513,47
E92000001,England,nation,2021-11-20,8316395,125213,6191,36339,133
E92000001,England,nation,2021-11-19,8281117,125080,6310,37006,123
E92000001,England,nation,2021-11-18,8244111,124957,6336,39315,144
E92000001,England,nation,2021-11-17,8205448,124813,6412,30638,159
E92000001,England,nation,2021-11-16,8175202,124654,6623,30853,190
E92000001,England,nation,2021-11-15,8144766,124464,6864,31440,29
E92000001,England,nation,2021-11-14,8113757,124435,6707,29404,51
E92000001,England,nation,2021-11-13,8084740,124384,6639,33493,141
E92000001,England,nation,2021-11-12,8051924,124243,6777,33155,122
E92000001,England,nation,2021-11-11,8020241,124121,6861,35472,151
E92000001,England,nation,2021-11-10,7984769,123970,6961,31541,170
E92000001,England,nation,2021-11-09,7953228,123800,7053,27872,230
E92000001,England,nation,2021-11-08,7925681,123570,7075,24979,32
E92000001,England,nation,2021-11-07,7901039,123538,6910,23779,47
E92000001,England,nation,2021-11-06,7877720,123491,6874,26250,125
E92000001,England,nation,2021-11-05,7852005,123366,7072,28490,151
E92000001,England,nation,2021-11-04,7823979,123215,7201,30166,152
E92000001,England,nation,2021-11-03,7794507,123063,7291,34317,181
E92000001,England,nation,2021-11-02,7760671,122882,7510,28531,255
E92000001,England,nation,2021-11-01,7732441,122627,7535,32081,13
E92000001,England,nation,2021-10-31,7700753,122614,7311,31479,59
E92000001,England,nation,2021-10-30,7669614,122555,7155,36204,138
E92000001,England,nation,2021-10-29,7633950,122417,7113,36853,148
E92000001,England,nation,2021-10-28,7597473,122269,7019,33903,124
E92000001,England,nation,2021-10-27,7564400,122145,6951,37502,169
E92000001,England,nation,2021-10-26,7526898,121976,6883,32280,208
E92000001,England,nation,2021-10-25,7494992,121768,6801,33309,34
E92000001,England,nation,2021-10-24,7462144,121734,6515,33221,34
E92000001,England,nation,2021-10-23,7430143,121700,6386,41259,125
E92000001,England,nation,2021-10-22,7388884,121575,6405,41745,143
E92000001,England,nation,2021-10-21,7347703,121432,6366,44363,66
E92000001,England,nation,2021-10-20,7303864,121366,6299,41498,134
E92000001,England,nation,2021-10-19,7262958,121232,6099,36712,189
E92000001,England,nation,2021-10-18,7226658,121043,5938,39473,22
E92000001,England,nation,2021-10-17,7187635,121021,5623,38543,41
E92000001,England,nation,2021-10-16,7149533,120980,5385,39624,123
E92000001,England,nation,2021-10-15,7110513,120857,5363,37691,94
E92000001,England,nation,2021-10-14,7073467,120763,5289,38488,110
E92000001,England,nation,2021-10-13,7035489,120653,5246,36458,101
E92000001,England,nation,2021-10-12,7000356,120552,5213,33287,147
E92000001,England,nation,2021-10-11,6967915,120405,5206,32349,15
E92000001,England,nation,2021-10-10,6936327,120390,5077,31096,34
E92000001,England,nation,2021-10-09,6906211,120356,4921,31259,111
E92000001,England,nation,2021-10-08,6876192,120245,4975,32157,109
E92000001,England,nation,2021-10-07,6845186,120136,4962,33305,71
E92000001,England,nation,2021-10-06,6812848,120065,5009,33450,99
E92000001,England,nation,2021-10-05,6780567,119966,5006,28846,140
E92000001,England,nation,2021-10-04,6752536,119826,4909,28251,13
E92000001,England,nation,2021-10-03,6725105,119813,4778,25176,30
E92000001,England,nation,2021-10-02,6700702,119783,4652,26794,103
E92000001,England,nation,2021-10-01,6674820,119680,4799,28836,80
E92000001,England,nation,2021-09-30,6646963,119600,4916,29826,87
E92000001,England,nation,2021-09-29,6617892,119513,5017,29036,111
E92000001,England,nation,2021-09-28,6590514,119402,5126,28808,141
E92000001,England,nation,2021-09-27,6561706,119261,5121,29329,23
E92000001,England,nation,2021-09-26,6532847,119238,4949,25538,37
E92000001,England,nation,2021-09-25,6507849,119201,5100,28087,104
E92000001,England,nation,2021-09-24,6481363,119097,5036,28199,120
E92000001,England,nation,2021-09-23,6453164,118977,5214,29045,131
E92000001,England,nation,2021-09-22,6425056,118846,5406,27317,121
E92000001,England,nation,2021-09-21,6398633,118725,5543,24973,174
E92000001,England,nation,2021-09-20,6374123,118551,5727,26905,27
E92000001,England,nation,2021-09-19,6347616,118524,5695,22173,34
E92000001,England,nation,2021-09-18,6326046,118490,5688,22956,131
E92000001,England,nation,2021-09-17,6303792,118359,5910,23265,130
E92000001,England,nation,2021-09-16,6281236,118229,6081,22949,123
E92000001,England,nation,2021-09-15,6258872,118106,6306,22078,151
E92000001,England,nation,2021-09-14,6237505,117955,6344,19739,152
E92000001,England,nation,2021-09-13,6218198,117803,6424,21077,32
E92000001,England,nation,2021-09-12,6197654,117771,6253,19913,42
E92000001,England,nation,2021-09-11,6178293,117729,6206,23825,143
E92000001,England,nation,2021-09-10,6155149,117586,6400,26653,114
E92000001,England,nation,2021-09-09,6129372,117472,6254,27049,138
E92000001,England,nation,2021-09-08,6102850,117334,6302,29286,158
E92000001,England,nation,2021-09-07,6074040,117176,6244,27545,183
E92000001,England,nation,2021-09-06,6046799,116993,6375,27202,28
E92000001,England,nation,2021-09-05,6019976,116965,6167,27022,58
E92000001,England,nation,2021-09-04,5993444,116907,6043,29614,102
E92000001,England,nation,2021-09-03,5964760,116805,6195,31726,96
E92000001,England,nation,2021-09-02,5933034,116709,6186,28686,144
E92000001,England,nation,2021-09-01,5904664,116565,6236,24723,184
E92000001,England,nation,2021-08-31,5880134,116381,6293,20967,36
E92000001,England,nation,2021-08-30,5859405,116345,6002,21324,42
E92000001,England,nation,2021-08-29,5838323,116303,5855,22501,49
E92000001,England,nation,2021-08-28,5816071,116254,5756,25118,119
E92000001,England,nation,2021-08-27,5791272,116135,5889,27545,86
E92000001,England,nation,2021-08-26,5764066,116049,5893,29417,121
E92000001,England,nation,2021-08-25,5734967,115928,5922,27350,135
E92000001,England,nation,2021-08-24,5707906,115793,5911,23474,152
E92000001,England,nation,2021-08-23,5684645,115641,6000,24158,29
E92000001,England,nation,2021-08-22,5660725,115612,5749,25952,33
E92000001,England,nation,2021-08-21,5635046,115579,5575,26982,97
E92000001,England,nation,2021-08-20,5608339,115482,5576,29576,92
E92000001,England,nation,2021-08-19,5579087,115390,5554,29762,95
E92000001,England,nation,2021-08-18,5549621,115295,5514,28648,86
E92000001,England,nation,2021-08-17,5521231,115209,5437,22712,154
E92000001,England,nation,2021-08-16,5498742,115055,5429,23171,20
E92000001,England,nation,2021-08-15,5475833,115035,5115,22859,54
E92000001,England,nation,2021-08-14,5453294,114981,4973,26700,83
E92000001,England,nation,2021-08-13,5426971,114898,5076,28679,86
E92000001,England,nation,2021-08-12,5398629,114812,5029,28093,81
E92000001,England,nation,2021-08-11,5370904,114731,5073,26647,91
E92000001,England,nation,2021-08-10,5344609,114640,5096,20630,132
E92000001,England,nation,2021-08-09,5324191,114508,5098,21915,26
E92000001,England,nation,2021-08-08,5302555,114482,4939,24196,35
E92000001,England,nation,2021-08-07,5278675,114447,4817,25877,88
E92000001,England,nation,2021-08-06,5253181,114359,4879,28321,81
E92000001,England,nation,2021-08-05,5225224,114278,4894,26512,69
E92000001,England,nation,2021-08-04,5199102,114209,4944,26393,101
E92000001,England,nation,2021-08-03,5173082,114108,5116,19012,123
E92000001,England,nation,2021-08-02,5154292,113985,5309,19175,17
E92000001,England,nation,2021-08-01,5135378,113968,5090,21645,52
E92000001,England,nation,2021-07-31,5114064,113916,5057,23949,54
E92000001,England,nation,2021-07-30,5090505,113862,5111,26241,55
E92000001,England,nation,2021-07-29,5064671,113807,5056,27524,67
E92000001,England,nation,2021-07-28,5037630,113740,5182,24367,73
E92000001,England,nation,2021-07-27,5013664,113667,5163,20290,121
E92000001,England,nation,2021-07-26,4993657,113546,5055,22181,12
E92000001,England,nation,2021-07-25,4972040,113534,4725,25434,26
E92000001,England,nation,2021-07-24,4947127,113508,4476,28968,74
E92000001,England,nation,2021-07-23,4918669,113434,4401,32792,56
E92000001,England,nation,2021-07-22,4886612,113378,4230,35939,58
E92000001,England,nation,2021-07-21,4851264,113320,4063,39504,63
E92000001,England,nation,2021-07-20,4812460,113257,3894,43261,82
E92000001,England,nation,2021-07-19,4769632,113175,3813,34657,15
E92000001,England,nation,2021-07-18,4735387,113160,3546,44777,21
E92000001,England,nation,2021-07-17,4691172,113139,3442,50955,35
E92000001,England,nation,2021-07-16,4640922,113104,3367,47360,42
E92000001,England,nation,2021-07-15,4594159,113062,3241,44523,44
E92000001,England,nation,2021-07-14,4550298,113018,3110,37895,36
E92000001,England,nation,2021-07-13,4512957,112982,2970,32883,45
E92000001,England,nation,2021-07-12,4480518,112937,2798,30619,6
E92000001,England,nation,2021-07-11,4450372,112931,2564,28421,25
E92000001,England,nation,2021-07-10,4422370,112906,2429,29732,26
E92000001,England,nation,2021-07-09,4393205,112880,2352,31231,22
E92000001,England,nation,2021-07-08,4362481,112858,2209,28421,31
E92000001,England,nation,2021-07-07,4334634,112827,2144,27516,28
E92000001,England,nation,2021-07-06,4307618,112799,1998,25295,30
E92000001,England,nation,2021-07-05,4282762,112769,1888,23286,7
E92000001,England,nation,2021-07-04,4259710,112762,1744,20454,15
E92000001,England,nation,2021-07-03,4239686,112747,1636,21317,15
E92000001,England,nation,2021-07-02,4218807,112732,1611,22393,22
E92000001,England,nation,2021-07-01,4196833,112710,1560,22948,16
E92000001,England,nation,2021-06-30,4174318,112694,1500,21293,11
E92000001,England,nation,2021-06-29,4153487,112683,1445,16802,22
E92000001,England,nation,2021-06-28,4136940,112661,1465,18702,3
E92000001,England,nation,2021-06-27,4118462,112658,1331,11560,9
E92000001,England,nation,2021-06-26,4107155,112649,1276,15136,20
E92000001,England,nation,2021-06-25,4092346,112629,1284,13498,15
E92000001,England,nation,2021-06-24,4079362,112614,1274,13068,16
E92000001,England,nation,2021-06-23,4066294,112598,1255,12765,13
E92000001,England,nation,2021-06-22,4053782,112585,1301,9096,23
E92000001,England,nation,2021-06-21,4044830,112562,1290,8766,5
E92000001,England,nation,2021-06-20,4036230,112557,1168,7778,6
E92000001,England,nation,2021-06-19,4028664,112551,1143,8954,12
E92000001,England,nation,2021-06-18,4019956,112539,1170,9185,9
E92000001,England,nation,2021-06-17,4010977,112530,1122,9371,15
E92000001,England,nation,2021-06-16,4001803,112515,1057,7642,8
E92000001,England,nation,2021-06-15,3994408,112507,1030,6486,8
E92000001,England,nation,2021-06-14,3988008,112499,993,6647,3
E92000001,England,nation,2021-06-13,3981497,112496,947,6269,7
E92000001,England,nation,2021-06-12,3975399,112489,915,6601,10
E92000001,England,nation,2021-06-11,3968986,112479,884,6782,16
E92000001,England,nation,2021-06-10,3962371,112463,906,6436,5
E92000001,England,nation,2021-06-09,3956096,112458,876,6201,5
E92000001,England,nation,2021-06-08,3950123,112453,879,5250,13
E92000001,England,nation,2021-06-07,3944955,112440,860,4913,0
E92000001,England,nation,2021-06-06,3940141,112440,807,4405,4
E92000001,England,nation,2021-06-05,3935854,112436,782,4810,12
E92000001,England,nation,2021-06-04,3931158,112424,805,5102,9
E92000001,England,nation,2021-06-03,3926154,112415,779,4310,13
E92000001,England,nation,2021-06-02,3921939,112402,801,3486,11
E92000001,England,nation,2021-06-01,3918522,112391,776,2539,0
E92000001,England,nation,2021-05-31,3916049,112391,773,2854,0
E92000001,England,nation,2021-05-30,3913295,112391,755,2621,6
E92000001,England,nation,2021-05-29,3910803,112385,748,2747,6
E92000001,England,nation,2021-05-28,3908214,112379,743,3434,8
E92000001,England,nation,2021-05-27,3904934,112371,742,2936,8
E92000001,England,nation,2021-05-26,3902160,112363,745,2540,8
E92000001,England,nation,2021-05-25,3899813,112355,765,2081,13
E92000001,England,nation,2021-05-24,3897815,112342,797,1972,3
E92000001,England,nation,2021-05-23,3895920,112339,756,1734,3
E92000001,England,nation,2021-05-22,3894329,112336,730,2242,6
E92000001,England,nation,2021-05-21,3892258,112330,766,2303,6
E92000001,England,nation,2021-05-20,3890081,112324,749,2307,6
E92000001,England,nation,2021-05-19,3887954,112318,757,2151,3
E92000001,England,nation,2021-05-18,3886364,112315,749,2008,5
E92000001,England,nation,2021-05-17,3889132,112310,798,1645,3
E92000001,England,nation,2021-05-16,3887487,112307,801,1471,3
E92000001,England,nation,2021-05-15,3886016,112304,810,1614,7
E92000001,England,nation,2021-05-14,3884402,112297,818,1828,15
E92000001,England,nation,2021-05-13,3882574,112282,845,2229,8
E92000001,England,nation,2021-05-12,3880345,112274,907,1804,11
E92000001,England,nation,2021-05-11,3878541,112263,921,2117,18
E92000001,England,nation,2021-05-10,3876424,112245,944,2009,0
E92000001,England,nation,2021-05-09,3874415,112245,933,1418,2
E92000001,England,nation,2021-05-08,3872997,112243,948,1742,5
E92000001,England,nation,2021-05-07,3871255,112238,973,2142,13
E92000001,England,nation,2021-05-06,3869113,112225,976,2194,12
E92000001,England,nation,2021-05-05,3866919,112213,1032,1906,27
E92000001,England,nation,2021-05-04,3865013,112186,1093,1659,3
E92000001,England,nation,2021-05-03,3863354,112183,1096,1453,1
E92000001,England,nation,2021-05-02,3861901,112182,1082,1377,13
E92000001,England,nation,2021-05-01,3860524,112169,1071,1642,6
E92000001,England,nation,2021-04-30,3858882,112163,1161,2046,14
E92000001,England,nation,2021-04-29,3856836,112149,1235,2103,15
E92000001,England,nation,2021-04-28,3854733,112134,1278,1829,27
E92000001,England,nation,2021-04-27,3852904,112107,1310,2410,16
E92000001,England,nation,2021-04-26,3850494,112091,1393,1752,3
E92000001,England,nation,2021-04-25,3848742,112088,1377,1401,7
E92000001,England,nation,2021-04-24,3847341,112081,1401,1804,27
E92000001,England,nation,2021-04-23,3845537,112054,1478,2277,38
E92000001,England,nation,2021-04-22,3843260,112016,1523,2315,11
E92000001,England,nation,2021-04-21,3840945,112005,1609,1943,20
E92000001,England,nation,2021-04-20,3839002,111985,1649,2169,28
E92000001,England,nation,2021-04-19,3836833,111957,1732,2550,2
E92000001,England,nation,2021-04-18,3834283,111955,1691,1495,7
E92000001,England,nation,2021-04-17,3832788,111948,1735,1897,31
E92000001,England,nation,2021-04-16,3830891,111917,1844,2225,30
E92000001,England,nation,2021-04-15,3828666,111887,1885,2171,25
E92000001,England,nation,2021-04-14,3826495,111862,1972,2054,34
E92000001,England,nation,2021-04-13,3824441,111828,2057,2070,18
E92000001,England,nation,2021-04-12,3822371,111810,2108,3222,13
E92000001,England,nation,2021-04-11,3819149,111797,2096,1338,3
E92000001,England,nation,2021-04-10,3817811,111794,2190,2032,33
E92000001,England,nation,2021-04-09,3815779,111761,2321,2638,51
E92000001,England,nation,2021-04-08,3821151,111710,2382,2486,44
E92000001,England,nation,2021-04-07,3818665,111666,2486,2304,40
E92000001,England,nation,2021-04-06,3816361,111626,2588,1937,15
E92000001,England,nation,2021-04-05,3814424,111611,2680,2236,16
E92000001,England,nation,2021-04-04,3812188,111595,2672,1954,10
E92000001,England,nation,2021-04-03,3810234,111585,2677,2847,8
E92000001,England,nation,2021-04-02,3807387,111577,2784,2881,47
E92000001,England,nation,2021-04-01,3804506,111530,2928,3784,41
E92000001,England,nation,2021-03-31,3800722,111489,3084,3327,36
E92000001,England,nation,2021-03-30,3797395,111453,3283,3384,39
E92000001,England,nation,2021-03-29,3794011,111414,3466,4112,22
E92000001,England,nation,2021-03-28,3789899,111392,3438,3153,17
E92000001,England,nation,2021-03-27,3786746,111375,3676,3813,43
E92000001,England,nation,2021-03-26,3783783,111332,3712,5273,61
E92000001,England,nation,2021-03-25,3778510,111271,3763,5286,49
E92000001,England,nation,2021-03-24,3773224,111222,4005,4615,92
E92000001,England,nation,2021-03-23,3768609,111130,4245,4583,103
E92000001,England,nation,2021-03-22,3764026,111027,4501,4746,16
E92000001,England,nation,2021-03-21,3759280,111011,4492,4459,26
E92000001,England,nation,2021-03-20,3754821,110985,4589,4732,82
E92000001,England,nation,2021-03-19,3750089,110903,4841,3809,81
E92000001,England,nation,2021-03-18,3746280,110822,5083,5213,83
E92000001,England,nation,2021-03-17,3741067,110739,5397,4827,121
E92000001,England,nation,2021-03-16,3736240,110618,5664,4391,101
E92000001,England,nation,2021-03-15,3731849,110517,5976,4264,61
E92000001,England,nation,2021-03-14,3727585,110456,6039,3774,40
E92000001,England,nation,2021-03-13,3723811,110416,6072,4539,106
E92000001,England,nation,2021-03-12,3719272,110310,6391,5529,145
E92000001,England,nation,2021-03-11,3713743,110165,6687,5744,138
E92000001,England,nation,2021-03-10,3707999,110027,6975,4863,156
E92000001,England,nation,2021-03-09,3703136,109871,7451,4894,207
E92000001,England,nation,2021-03-08,3698242,109664,7847,3903,62
E92000001,England,nation,2021-03-07,3694339,109602,7812,4497,61
E92000001,England,nation,2021-03-06,3689842,109541,8021,5118,135
E92000001,England,nation,2021-03-05,3684724,109406,8594,5053,211
E92000001,England,nation,2021-03-04,3679671,109195,9092,5643,202
E92000001,England,nation,2021-03-03,3674028,108993,9594,5408,264
E92000001,England,nation,2021-03-02,3668620,108729,10121,5530,307
E92000001,England,nation,2021-03-01,3663090,108422,10765,4738,99
E92000001,England,nation,2021-02-28,3658352,108323,10663,5080,115
E92000001,England,nation,2021-02-27,3653272,108208,11090,6527,254
E92000001,England,nation,2021-02-26,3646745,107954,11781,7393,300
E92000001,England,nation,2021-02-25,3639352,107654,12449,8623,266
E92000001,England,nation,2021-02-24,3630729,107388,13007,8644,380
E92000001,England,nation,2021-02-23,3622085,107008,13511,7292,483
E92000001,England,nation,2021-02-22,3614793,106525,14137,9420,165
E92000001,England,nation,2021-02-21,3605373,106360,14142,8408,190
E92000001,England,nation,2021-02-20,3596965,106170,14316,8964,397
E92000001,England,nation,2021-02-19,3588001,105773,15018,10296,481
E92000001,England,nation,2021-02-18,3577705,105292,15633,10740,377
E92000001,England,nation,2021-02-17,3566965,104915,16458,10926,638
E92000001,England,nation,2021-02-16,3556039,104277,17093,9236,733
E92000001,England,nation,2021-02-15,3546803,103544,17730,8609,210
E92000001,England,nation,2021-02-14,3538194,103334,17787,9499,228
E92000001,England,nation,2021-02-13,3528695,103106,17694,11697,544
E92000001,England,nation,2021-02-12,3516998,102562,19009,13299,657
E92000001,England,nation,2021-02-11,3503699,101905,19983,12001,594
E92000001,England,nation,2021-02-10,3491698,101311,20926,11551,926
E92000001,England,nation,2021-02-09,3480147,100385,22067,10916,974
E92000001,England,nation,2021-02-08,3469231,99411,23020,12270,304
E92000001,England,nation,2021-02-07,3456961,99107,22991,14466,329
E92000001,England,nation,2021-02-06,3442495,98778,23042,16302,724
E92000001,England,nation,2021-02-05,3426193,98054,24402,17314,892
E92000001,England,nation,2021-02-04,3408879,97162,25334,18529,817
E92000001,England,nation,2021-02-03,3390350,96345,26374,17265,1173
E92000001,England,nation,2021-02-02,3373085,95172,27397,15021,1356
E92000001,England,nation,2021-02-01,3358064,93816,28539,16815,368
E92000001,England,nation,2021-01-31,3341249,93448,28112,19054,528
E92000001,England,nation,2021-01-30,3322195,92920,28571,21089,1098
E92000001,England,nation,2021-01-29,3301106,91822,29359,26709,1124
E92000001,England,nation,2021-01-28,3274397,90698,30333,26182,1088
E92000001,England,nation,2021-01-27,3248215,89610,30846,22914,1568
E92000001,England,nation,2021-01-26,3225301,88042,32337,17920,1520
E92000001,England,nation,2021-01-25,3207381,86522,32938,20149,548
E92000001,England,nation,2021-01-24,3187232,85974,32907,27580,551
E92000001,England,nation,2021-01-23,3159652,85423,32614,30496,1233
E92000001,England,nation,2021-01-22,3129156,84190,33412,37115,1251
E92000001,England,nation,2021-01-21,3092041,82939,33235,34371,1134
E92000001,England,nation,2021-01-20,3057670,81805,33886,35061,1662
E92000001,England,nation,2021-01-19,3022609,80143,34015,30371,1507
E92000001,England,nation,2021-01-18,2992238,78636,34336,34134,560
E92000001,England,nation,2021-01-17,2958104,78076,33352,35263,598
E92000001,England,nation,2021-01-16,2922841,77478,32923,37759,1140
E92000001,England,nation,2021-01-15,2885082,76338,33362,50741,1139
E92000001,England,nation,2021-01-14,2834341,75199,32925,44358,1114
E92000001,England,nation,2021-01-13,2789983,74085,32689,42898,1400
E92000001,England,nation,2021-01-12,2747085,72685,32202,41121,1151
E92000001,England,nation,2021-01-11,2705964,71534,32070,41835,495
E92000001,England,nation,2021-01-10,2664129,71039,30758,50291,498
E92000001,England,nation,2021-01-09,2613838,70541,29462,54257,871
E92000001,England,nation,2021-01-08,2559581,69670,29346,61757,1156
E92000001,England,nation,2021-01-07,2497824,68514,28246,46841,1004
E92000001,England,nation,2021-01-06,2450983,67510,27727,56060,884
E92000001,England,nation,2021-01-05,2394923,66626,26467,54940,784
E92000001,England,nation,2021-01-04,2339983,65842,26626,53180,370
E92000001,England,nation,2021-01-03,2286803,65472,24957,46853,392
E92000001,England,nation,2021-01-02,2239950,65080,23557,49248,349
E92000001,England,nation,2021-01-01,2190702,64731,22534,50746,613
E92000001,England,nation,2020-12-31,2139956,64118,22728,49510,820
E92000001,England,nation,2020-12-30,2090446,63298,22713,43554,919
E92000001,England,nation,2020-12-29,2046892,62379,21787,47164,360
E92000001,England,nation,2020-12-28,1999728,62019,20426,36511,322
E92000001,England,nation,2020-12-27,1963217,61697,19277,25619,246
E92000001,England,nation,2020-12-26,1937598,61451,18350,31307,175
E92000001,England,nation,2020-12-25,1906291,61276,17701,31560,570
E92000001,England,nation,2020-12-24,1874731,60706,18227,35561,468
E92000001,England,nation,2020-12-23,1839170,60238,17834,34247,625
E92000001,England,nation,2020-12-22,1804923,59613,18063,32288,608
E92000001,England,nation,2020-12-21,1772635,59005,17709,28742,198
E92000001,England,nation,2020-12-20,1743893,58807,16633,32155,241
E92000001,England,nation,2020-12-19,1711738,58566,16183,22775,441
E92000001,England,nation,2020-12-18,1688963,58125,15866,24452,403
E92000001,England,nation,2020-12-17,1664511,57722,15741,22401,438
E92000001,England,nation,2020-12-16,1642110,57284,15465,23432,537
E92000001,England,nation,2020-12-15,1618678,56747,15031,16504,467
E92000001,England,nation,2020-12-14,1602174,56280,15053,17882,194
E92000001,England,nation,2020-12-13,1584292,56086,14460,17164,138
E92000001,England,nation,2020-12-12,1567128,55948,13927,17468,440
E92000001,England,nation,2020-12-11,1549660,55508,13901,17899,353
E92000001,England,nation,2020-12-10,1531761,55155,13796,17622,419
E92000001,England,nation,2020-12-09,1514139,54736,13467,12960,451
E92000001,England,nation,2020-12-08,1501179,54285,13629,10459,538
E92000001,England,nation,2020-12-07,1490720,53747,13616,11623,177
E92000001,England,nation,2020-12-06,1479097,53570,13189,14294,201
E92000001,England,nation,2020-12-05,1464803,53369,12968,12666,344
E92000001,England,nation,2020-12-04,1452137,53025,12987,13412,424
E92000001,England,nation,2020-12-03,1438725,52601,12896,11992,328
E92000001,England,nation,2020-12-02,1426733,52273,13212,13323,555
E92000001,England,nation,2020-12-01,1413410,51718,13507,11618,531
E92000001,England,nation,2020-11-30,1401792,51187,13756,10869,189
E92000001,England,nation,2020-11-29,1390923,50998,13521,10054,194
E92000001,England,nation,2020-11-28,1380869,50804,13208,13323,397
E92000001,England,nation,2020-11-27,1367546,50407,13754,13557,451
E92000001,England,nation,2020-11-26,1355272,49956,13908,14637,411
E92000001,England,nation,2020-11-25,1340635,49545,14240,15893,604
E92000001,England,nation,2020-11-24,1324742,48941,14506,9854,535
E92000001,England,nation,2020-11-23,1314888,48406,14712,13329,194
E92000001,England,nation,2020-11-22,1301559,48212,14354,16668,370
E92000001,England,nation,2020-11-21,1284891,47842,14118,17615,266
E92000001,England,nation,2020-11-20,1267276,47576,14236,17845,436
E92000001,England,nation,2020-11-19,1249431,47140,14479,20291,416
E92000001,England,nation,2020-11-18,1229140,46724,14490,17189,423
E92000001,England,nation,2020-11-17,1211951,46301,14411,17549,518
E92000001,England,nation,2020-11-16,1194402,45783,14313,19423,191
E92000001,England,nation,2020-11-15,1174979,45592,13886,21998,143
E92000001,England,nation,2020-11-14,1152981,45449,13399,24298,396
E92000001,England,nation,2020-11-13,1128683,45053,13328,24540,280
E92000001,England,nation,2020-11-12,1104143,44773,12967,30843,469
E92000001,England,nation,2020-11-11,1073300,44304,12730,19970,478
E92000001,England,nation,2020-11-10,1053330,43826,12033,18622,460
E92000001,England,nation,2020-11-09,1034708,43366,12259,19036,175
E92000001,England,nation,2020-11-08,1015672,43191,11680,18293,127
E92000001,England,nation,2020-11-07,997379,43064,11514,21875,328
E92000001,England,nation,2020-11-06,975504,42736,11181,20268,303
E92000001,England,nation,2020-11-05,955236,42433,10994,21137,297
E92000001,England,nation,2020-11-04,934099,42136,11037,21863,388
E92000001,England,nation,2020-11-03,912236,41748,10971,17330,359
E92000001,England,nation,2020-11-02,894906,41389,10397,15860,125
E92000001,England,nation,2020-11-01,879046,41264,9623,20602,132
E92000001,England,nation,2020-10-31,858444,41132,9782,18864,278
E92000001,England,nation,2020-10-30,839580,40854,9295,20821,226
E92000001,England,nation,2020-10-29,818759,40628,9127,19740,214
E92000001,England,nation,2020-10-28,799019,40414,9070,21245,236
E92000001,England,nation,2020-10-27,777774,40178,8595,19629,322
E92000001,England,nation,2020-10-26,758145,39856,7856,17883,90
E92000001,England,nation,2020-10-25,740262,39766,7612,16487,137
E92000001,England,nation,2020-10-24,723775,39629,7176,19332,141
E92000001,England,nation,2020-10-23,704443,39488,6842,17116,188
E92000001,England,nation,2020-10-22,687327,39300,6345,17354,160
E92000001,England,nation,2020-10-21,669973,39140,6271,22948,144
E92000001,England,nation,2020-10-20,647025,38996,6072,17814,213
E92000001,England,nation,2020-10-19,629211,38783,5644,16365,72
E92000001,England,nation,2020-10-18,612846,38711,5202,14704,59
E92000001,England,nation,2020-10-17,598142,38652,5029,13299,128
E92000001,England,nation,2020-10-16,584843,38524,4854,12176,120
E92000001,England,nation,2020-10-15,572667,38404,4569,16139,111
E92000001,England,nation,2020-10-14,556528,38293,4313,16132,108
E92000001,England,nation,2020-10-13,540396,38185,4105,14310,124
E92000001,England,nation,2020-10-12,526086,38061,3827,11647,43
E92000001,England,nation,2020-10-11,514439,38018,3604,10383,62
E92000001,England,nation,2020-10-10,504056,37956,3369,12628,54
E92000001,England,nation,2020-10-09,491428,37902,3238,10772,79
E92000001,England,nation,2020-10-08,480656,37823,3179,14952,70
E92000001,England,nation,2020-10-07,465704,37753,3066,11528,65
E92000001,England,nation,2020-10-06,454176,37688,2903,12648,63
E92000001,England,nation,2020-10-05,441528,37625,2705,10685,19
E92000001,England,nation,2020-10-04,430843,37606,2435,21309,32
E92000001,England,nation,2020-10-03,409534,37574,2290,10806,39
E92000001,England,nation,2020-10-02,398728,37535,2180,4797,58
E92000001,England,nation,2020-10-01,393931,37477,2069,5589,48
E92000001,England,nation,2020-09-30,388342,37429,2036,5656,62
E92000001,England,nation,2020-09-29,382686,37367,1954,5651,68
E92000001,England,nation,2020-09-28,377035,37299,1955,3316,13
E92000001,England,nation,2020-09-27,373719,37286,1793,4800,16
E92000001,England,nation,2020-09-26,368919,37270,1689,4639,30
E92000001,England,nation,2020-09-25,364280,37240,1686,5723,31
E92000001,England,nation,2020-09-24,358557,37209,1546,5632,37
E92000001,England,nation,2020-09-23,352925,37172,1439,5083,33
E92000001,England,nation,2020-09-22,347842,37139,1378,4187,36
E92000001,England,nation,2020-09-21,343655,37103,1299,3754,9
E92000001,England,nation,2020-09-20,339901,37094,1174,3279,18
E92000001,England,nation,2020-09-19,336622,37076,1081,3638,22
E92000001,England,nation,2020-09-18,332984,37054,1020,3771,23
E92000001,England,nation,2020-09-17,329213,37031,984,2788,18
E92000001,England,nation,2020-09-16,326425,37013,929,3396,17
E92000001,England,nation,2020-09-15,323029,36996,891,2649,25
E92000001,England,nation,2020-09-14,320380,36971,812,2259,7
E92000001,England,nation,2020-09-13,318121,36964,691,2837,5
E92000001,England,nation,2020-09-12,315284,36959,663,3008,9
E92000001,England,nation,2020-09-11,312276,36950,622,3143,6
E92000001,England,nation,2020-09-10,309133,36944,572,2578,13
E92000001,England,nation,2020-09-09,306555,36931,557,2286,8
E92000001,England,nation,2020-09-08,304269,36923,535,2094,27
E92000001,England,nation,2020-09-07,302175,36896,555,2528,2
E92000001,England,nation,2020-09-06,299647,36894,483,2576,2
E92000001,England,nation,2020-09-05,297071,36892,471,1477,11
E92000001,England,nation,2020-09-04,295594,36881,474,1669,9
E92000001,England,nation,2020-09-03,293925,36872,468,1507,11
E92000001,England,nation,2020-09-02,292418,36861,451,1239,7
E92000001,England,nation,2020-09-01,291179,36854,496,1041,2
E92000001,England,nation,2020-08-31,290138,36852,495,1149,2
E92000001,England,nation,2020-08-30,288989,36850,479,1487,1
E92000001,England,nation,2020-08-29,287502,36849,478,891,12
E92000001,England,nation,2020-08-28,286611,36837,469,1106,9
E92000001,England,nation,2020-08-27,285505,36828,492,1350,10
E92000001,England,nation,2020-08-26,284155,36818,485,875,13
E92000001,England,nation,2020-08-25,283280,36805,500,1065,16
E92000001,England,nation,2020-08-24,282215,36789,522,758,3
E92000001,England,nation,2020-08-23,281457,36786,522,938,4
E92000001,England,nation,2020-08-22,280519,36782,594,1060,17
E92000001,England,nation,2020-08-21,279459,36765,528,908,2
E92000001,England,nation,2020-08-20,278551,36763,551,1035,6
E92000001,England,nation,2020-08-19,277516,36757,571,707,15
E92000001,England,nation,2020-08-18,276809,36742,597,975,11
E92000001,England,nation,2020-08-17,275834,36731,626,634,3
E92000001,England,nation,2020-08-16,275200,36728,634,952,3
E92000001,England,nation,2020-08-15,274248,36725,630,934,2
E92000001,England,nation,2020-08-14,273314,36723,642,1284,10
E92000001,England,nation,2020-08-13,272030,36713,652,1059,18
E92000001,England,nation,2020-08-12,270971,36695,642,925,15
E92000001,England,nation,2020-08-11,270046,36680,672,1035,11
E92000001,England,nation,2020-08-10,269011,36669,714,699,17
E92000001,England,nation,2020-08-09,268312,36652,611,988,5
E92000001,England,nation,2020-08-08,267324,36647,650,679,2
E92000001,England,nation,2020-08-07,266645,36645,711,796,5
E92000001,England,nation,2020-08-06,265849,36640,756,826,15
E92000001,England,nation,2020-08-05,265023,36625,805,804,12
E92000001,England,nation,2020-08-04,264219,36613,807,617,17
E92000001,England,nation,2020-08-03,263602,36596,842,856,1
E92000001,England,nation,2020-08-02,262746,36595,847,676,2
E92000001,England,nation,2020-08-01,262070,36593,879,722,11
E92000001,England,nation,2020-07-31,261348,36582,870,814,14
E92000001,England,nation,2020-07-30,260534,36568,898,812,0
E92000001,England,nation,2020-07-29,259722,36568,927,700,29
E92000001,England,nation,2020-07-28,259022,36539,944,547,21
E92000001,England,nation,2020-07-27,258475,36518,945,616,3
E92000001,England,nation,2020-07-26,257859,36515,965,721,7
E92000001,England,nation,2020-07-25,257138,36508,977,710,15
E92000001,England,nation,2020-07-24,256428,36493,1018,688,32
E92000001,England,nation,2020-07-23,255740,36461,1095,702,9
E92000001,England,nation,2020-07-22,255038,36452,1305,519,16
E92000001,England,nation,2020-07-21,254519,36436,1188,399,25
E92000001,England,nation,2020-07-20,254120,36411,1278,535,10
E92000001,England,nation,2020-07-19,253585,36401,1301,672,10
E92000001,England,nation,2020-07-18,252913,36391,1321,796,9
E92000001,England,nation,2020-07-17,252117,36382,1346,635,25
E92000001,England,nation,2020-07-16,251482,36357,1348,597,23
E92000001,England,nation,2020-07-15,250885,36334,1489,506,24
E92000001,England,nation,2020-07-14,250379,36310,1506,372,42
E92000001,England,nation,2020-07-13,250007,36268,1612,497,8
E92000001,England,nation,2020-07-12,249510,36260,1611,615,9
E92000001,England,nation,2020-07-11,248895,36251,1640,806,16
E92000001,England,nation,2020-07-10,248089,36235,1746,480,34
E92000001,England,nation,2020-07-09,247609,36201,1801,617,29
E92000001,England,nation,2020-07-08,246992,36172,1888,606,52
E92000001,England,nation,2020-07-07,246386,36120,2010,572,50
E92000001,England,nation,2020-07-06,245814,36070,2099,331,11
E92000001,England,nation,2020-07-05,245483,36059,2100,492,18
E92000001,England,nation,2020-07-04,244991,36041,2152,579,27
E92000001,England,nation,2020-07-03,244412,36014,2294,502,45
E92000001,England,nation,2020-07-02,243910,35969,2410,523,31
E92000001,England,nation,2020-07-01,160764,35938,2509,177,90
E92000001,England,nation,2020-06-30,160587,35848,2665,196,47
E92000001,England,nation,2020-06-29,160391,35801,3024,99,17
E92000001,England,nation,2020-06-28,160292,35784,2818,142,28
E92000001,England,nation,2020-06-27,160150,35756,2819,192,34
E92000001,England,nation,2020-06-26,159958,35722,2859,175,76
E92000001,England,nation,2020-06-25,159696,35646,3066,261,91
E92000001,England,nation,2020-06-24,159435,35555,3223,107,74
E92000001,England,nation,2020-06-23,159328,35481,3288,210,84
E92000001,England,nation,2020-06-22,159118,35397,3417,178,13
E92000001,England,nation,2020-06-21,158940,35384,3373,215,30
E92000001,England,nation,2020-06-20,158725,35354,3423,324,67
E92000001,England,nation,2020-06-19,158401,35287,3575,323,73
E92000001,England,nation,2020-06-18,158078,35214,3681,281,60
E92000001,England,nation,2020-06-17,157797,35154,3826,252,90
E92000001,England,nation,2020-06-16,157545,35064,3934,252,106
E92000001,England,nation,2020-06-15,157293,34958,3920,219,25
E92000001,England,nation,2020-06-14,157074,34933,3973,292,23
E92000001,England,nation,2020-06-13,156782,34910,4000,372,94
E92000001,England,nation,2020-06-12,156410,34816,4136,392,117
E92000001,England,nation,2020-06-11,156018,34699,4179,304,64
E92000001,England,nation,2020-06-10,155714,34635,4447,63,143
E92000001,England,nation,2020-06-09,155651,34492,4665,651,179
E92000001,England,nation,2020-06-08,155000,34313,4830,92,44
E92000001,England,nation,2020-06-07,154908,34269,4820,228,49
E92000001,England,nation,2020-06-06,154680,34220,5004,422,126
E92000001,England,nation,2020-06-05,154258,34094,5213,451,239
E92000001,England,nation,2020-06-04,153807,33855,5398,431,112
E92000001,England,nation,2020-06-03,153376,33743,5600,462,218
E92000001,England,nation,2020-06-02,152914,33525,5827,444,228
E92000001,England,nation,2020-06-01,152470,33297,5954,294,79
E92000001,England,nation,2020-05-31,152176,33218,5933,320,39
E92000001,England,nation,2020-05-30,151856,33179,5972,715,117
E92000001,England,nation,2020-05-29,151982,33062,6250,560,246
E92000001,England,nation,2020-05-28,151422,32816,6528,519,315
E92000001,England,nation,2020-05-27,150903,32501,6836,609,396
E92000001,England,nation,2020-05-26,150294,32105,7305,492,105
E92000001,England,nation,2020-05-25,149802,32000,7448,494,86
E92000001,England,nation,2020-05-24,149308,31914,7415,584,362
E92000001,England,nation,2020-05-23,148724,31552,7428,979,197
E92000001,England,nation,2020-05-22,147745,31355,7761,1083,257
E92000001,England,nation,2020-05-21,146662,31098,7903,854,220
E92000001,England,nation,2020-05-20,145808,30878,8115,824,259
E92000001,England,nation,2020-05-19,145376,30619,8518,857,447
E92000001,England,nation,2020-05-18,144519,30172,8668,816,134
E92000001,England,nation,2020-05-17,143703,30038,8611,788,43
E92000001,England,nation,2020-05-16,142915,29995,8643,1136,348
E92000001,England,nation,2020-05-15,141779,29647,9079,1112,280
E92000001,England,nation,2020-05-14,140667,29367,9231,1189,303
E92000001,England,nation,2020-05-13,139478,29064,9602,1146,362
E92000001,England,nation,2020-05-12,138332,28702,9791,1067,539
E92000001,England,nation,2020-05-11,137265,28163,10109,891,174
E92000001,England,nation,2020-05-10,136374,27989,9893,1007,190
E92000001,England,nation,2020-05-09,135367,27799,10176,1349,226
E92000001,England,nation,2020-05-08,134018,27573,10249,1694,498
E92000001,England,nation,2020-05-07,132324,27075,10726,2133,377
E92000001,England,nation,2020-05-06,130191,26698,11227,1611,529
E92000001,England,nation,2020-05-05,128580,26169,11754,1842,639
E92000001,England,nation,2020-05-04,126738,25530,12020,1485,247
E92000001,England,nation,2020-05-03,125253,25283,12119,2019,222
E92000001,England,nation,2020-05-02,123234,25061,12314,2228,485
E92000001,England,nation,2020-05-01,121006,24576,12623,2501,623
E92000001,England,nation,2020-04-30,118343,23953,12922,2484,543
E92000001,England,nation,2020-04-29,115859,23410,13224,1403,604
E92000001,England,nation,2020-04-28,114456,22806,13565,1989,862
E92000001,England,nation,2020-04-27,112467,21944,14255,2264,289
E92000001,England,nation,2020-04-26,110203,21655,14174,2152,327
E92000001,England,nation,2020-04-25,108051,21328,14202,2826,729
E92000001,England,nation,2020-04-24,105225,20599,14642,3004,821
E92000001,England,nation,2020-04-23,102221,19778,15402,3084,594
E92000001,England,nation,2020-04-22,99137,19184,16018,3020,725
E92000001,England,nation,2020-04-21,96117,18459,16517,3087,1116
E92000001,England,nation,2020-04-20,93030,17343,16654,2401,536
E92000001,England,nation,2020-04-19,90629,16807,16928,3607,380
E92000001,England,nation,2020-04-18,87022,16427,16850,3548,1004
E92000001,England,nation,2020-04-17,83474,15423,16728,3985,826
E92000001,England,nation,2020-04-16,79489,14597,17783,3118,906
E92000001,England,nation,2020-04-15,76371,13691,17934,3188,730
E92000001,England,nation,2020-04-14,73183,12961,18552,3854,1007
E92000001,England,nation,2020-04-13,69329,11954,18621,2999,694
E92000001,England,nation,2020-04-12,66330,11260,18974,3672,604
E92000001,England,nation,2020-04-11,62658,10656,18604,3841,745
E92000001,England,nation,2020-04-10,58817,9911,18669,4263,1035
E92000001,England,nation,2020-04-09,54554,8876,18423,3798,990
E92000001,England,nation,2020-04-08,50756,7886,18152,4788,922
E92000001,England,nation,2020-04-07,45968,6964,17814,2978,1009
E92000001,England,nation,2020-04-06,42990,5955,17154,3176,531
E92000001,England,nation,2020-04-05,39814,5424,16657,5107,578
E92000001,England,nation,2020-04-04,34707,4846,15469,2910,689
E92000001,England,nation,2020-04-03,31797,4157,13635,3576,654
E92000001,England,nation,2020-04-02,28221,3503,12135,3583,603
E92000001,England,nation,2020-04-01,24638,2900,12059,3630,613
E92000001,England,nation,2020-03-31,21008,2287,11154,2414,368
E92000001,England,nation,2020-03-30,18594,1919,9852,2107,353
E92000001,England,nation,2020-03-29,16487,1566,8424,2060,195
E92000001,England,nation,2020-03-28,14427,1371,7269,2139,279
E92000001,England,nation,2020-03-27,12288,1092,6462,2506,271
E92000001,England,nation,2020-03-26,9782,821,5226,1809,169
E92000001,England,nation,2020-03-25,7973,652,4402,1130,178
E92000001,England,nation,2020-03-24,6843,474,3598,1258,143
E92000001,England,nation,2020-03-23,5585,331,3183,793,67
E92000001,England,nation,2020-03-22,4792,264,2670,535,24
E92000001,England,nation,2020-03-21,4257,240,2152,873,54
E92000001,England,nation,2020-03-20,3384,186,1580,628,32
E92000001,England,nation,2020-03-19,2756,154,,574,42
E92000001,England,nation,2020-03-18,2182,112,,625,33
E92000001,England,nation,2020-03-17,1557,79,,361,15
E92000001,England,nation,2020-03-16,1196,64,,97,22
E92000001,England,nation,2020-03-15,1099,42,,253,14
E92000001,England,nation,2020-03-14,846,28,,201,18
E92000001,England,nation,2020-03-13,645,10,,159,1
E92000001,England,nation,2020-03-12,486,9,,99,2
E92000001,England,nation,2020-03-11,387,7,,63,0
E92000001,England,nation,2020-03-10,324,7,,46,4
E92000001,England,nation,2020-03-09,282,3,,40,1
E92000001,England,nation,2020-03-08,241,2,,58,0
E92000001,England,nation,2020-03-07,183,2,,39,1
E92000001,England,nation,2020-03-06,144,1,,39,1
E92000001,England,nation,2020-03-05,105,,,25,
E92000001,England,nation,2020-03-04,80,,,32,
E92000001,England,nation,2020-03-03,48,,,11,
E92000001,England,nation,2020-03-02,37,,,4,
E92000001,England,nation,2020-03-01,33,,,12,
E92000001,England,nation,2020-02-29,21,,,3,
E92000001,England,nation,2020-02-28,18,,,5,
E92000001,England,nation,2020-02-27,13,,,0,
E92000001,England,nation,2020-02-26,13,,,0,
E92000001,England,nation,2020-02-25,13,,,0,
E92000001,England,nation,2020-02-24,13,,,4,
E92000001,England,nation,2020-02-23,9,,,0,
E92000001,England,nation,2020-02-22,9,,,0,
E92000001,England,nation,2020-02-21,9,,,0,
E92000001,England,nation,2020-02-20,9,,,0,
E92000001,England,nation,2020-02-19,9,,,0,
E92000001,England,nation,2020-02-18,9,,,0,
E92000001,England,nation,2020-02-17,9,,,0,
E92000001,England,nation,2020-02-16,9,,,0,
E92000001,England,nation,2020-02-15,9,,,0,
E92000001,England,nation,2020-02-14,9,,,0,
E92000001,England,nation,2020-02-13,9,,,1,
E92000001,England,nation,2020-02-12,8,,,0,
E92000001,England,nation,2020-02-11,8,,,0,
E92000001,England,nation,2020-02-10,8,,,4,
E92000001,England,nation,2020-02-09,4,,,1,
E92000001,England,nation,2020-02-08,3,,,0,
E92000001,England,nation,2020-02-07,3,,,0,
E92000001,England,nation,2020-02-06,3,,,1,
E92000001,England,nation,2020-02-05,2,,,0,
E92000001,England,nation,2020-02-04,2,,,0,
E92000001,England,nation,2020-02-03,2,,,0,
E92000001,England,nation,2020-02-02,2,,,0,
E92000001,England,nation,2020-02-01,2,,,0,
E92000001,England,nation,2020-01-31,2,,,2,
