areaCode,areaName,areaType,date,cumCasesByPublishDate,hospitalCases,newCasesByPublishDate,newDeaths28DaysByPublishDate
N92000002,Northern Ireland,nation,2022-03-02,628427,,2407,4
N92000002,Northern Ireland,nation,2022-03-01,626020,477,2567,5
N92000002,Northern Ireland,nation,2022-02-28,623453,502,5168,12
N92000002,Northern Ireland,nation,2022-02-27,618285,537,0,0
N92000002,Northern Ireland,nation,2022-02-26,618285,543,0,0
N92000002,Northern Ireland,nation,2022-02-25,618285,538,2068,2
N92000002,Northern Ireland,nation,2022-02-24,616217,579,2486,2
N92000002,Northern Ireland,nation,2022-02-23,613731,604,2294,4
N92000002,Northern Ireland,nation,2022-02-22,611437,618,2951,5
N92000002,Northern Ireland,nation,2022-02-21,608485,654,2235,4
N92000002,Northern Ireland,nation,2022-02-20,606250,662,1865,5
N92000002,Northern Ireland,nation,2022-02-19,604385,636,2147,5
N92000002,Northern Ireland,nation,2022-02-18,602238,622,2469,4
N92000002,Northern Ireland,nation,2022-02-17,599769,637,3027,1
N92000002,Northern Ireland,nation,2022-02-16,596742,639,2889,5
N92000002,Northern Ireland,nation,2022-02-15,593853,638,2987,4
N92000002,Northern Ireland,nation,2022-02-14,590866,633,2465,2
N92000002,Northern Ireland,nation,2022-02-13,588401,640,2158,1
N92000002,Northern Ireland,nation,2022-02-12,586243,626,2633,4
N92000002,Northern Ireland,nation,2022-02-11,583610,604,2923,4
N92000002,Northern Ireland,nation,2022-02-10,580687,617,3609,7
N92000002,Northern Ireland,nation,2022-02-09,577078,614,3837,2
N92000002,Northern Ireland,nation,2022-02-08,573241,613,3959,6
N92000002,Northern Ireland,nation,2022-02-07,569282,620,3105,2
N92000002,Northern Ireland,nation,2022-02-06,566177,619,2694,1
N92000002,Northern Ireland,nation,2022-02-05,563483,601,3201,3
N92000002,Northern Ireland,nation,2022-02-04,560282,581,3833,1
N92000002,Northern Ireland,nation,2022-02-03,556449,587,4203,3
N92000002,Northern Ireland,nation,2022-02-02,552246,589,4769,5
N92000002,Northern Ireland,nation,2022-02-01,547477,565,4622,4
N92000002,Northern Ireland,nation,2022-01-31,542855,561,4159,3
N92000002,Northern Ireland,nation,2022-01-30,534119,557,3069,6
N92000002,Northern Ireland,nation,2022-01-29,531050,541,3590,3
N92000002,Northern Ireland,nation,2022-01-28,527460,543,3737,8
N92000002,Northern Ireland,nation,2022-01-27,523722,569,4243,6
N92000002,Northern Ireland,nation,2022-01-26,519479,574,4383,9
N92000002,Northern Ireland,nation,2022-01-25,515096,577,5023,5
N92000002,Northern Ireland,nation,2022-01-24,510073,569,3932,1
N92000002,Northern Ireland,nation,2022-01-23,506141,580,3059,5
N92000002,Northern Ireland,nation,2022-01-22,503082,572,3476,5
N92000002,Northern Ireland,nation,2022-01-21,499606,563,3568,6
N92000002,Northern Ireland,nation,2022-01-20,496038,573,3879,2
N92000002,Northern Ireland,nation,2022-01-19,492159,586,4451,6
N92000002,Northern Ireland,nation,2022-01-18,487708,589,4081,6
N92000002,Northern Ireland,nation,2022-01-17,483627,596,3295,4
N92000002,Northern Ireland,nation,2022-01-16,480332,603,2518,3
N92000002,Northern Ireland,nation,2022-01-15,477814,594,2668,0
N92000002,Northern Ireland,nation,2022-01-14,475146,583,2954,4
N92000002,Northern Ireland,nation,2022-01-13,472192,600,2980,14
N92000002,Northern Ireland,nation,2022-01-12,469212,619,2922,2
N92000002,Northern Ireland,nation,2022-01-11,466290,625,3420,1
N92000002,Northern Ireland,nation,2022-01-10,462870,631,2706,6
N92000002,Northern Ireland,nation,2022-01-09,460164,636,3760,2
N92000002,Northern Ireland,nation,2022-01-08,456404,620,3458,5
N92000002,Northern Ireland,nation,2022-01-07,452946,611,6444,0
N92000002,Northern Ireland,nation,2022-01-06,446502,619,6877,4
N92000002,Northern Ireland,nation,2022-01-05,439625,608,7133,3
N92000002,Northern Ireland,nation,2022-01-04,432492,597,30423,15
N92000002,Northern Ireland,nation,2022-01-03,402069,603,0,0
N92000002,Northern Ireland,nation,2022-01-02,402069,577,0,0
N92000002,Northern Ireland,nation,2022-01-01,402069,562,0,0
N92000002,Northern Ireland,nation,2021-12-31,402069,536,7215,1
N92000002,Northern Ireland,nation,2021-12-30,394854,516,4701,3
N92000002,Northern Ireland,nation,2021-12-29,390153,499,22972,14
N92000002,Northern Ireland,nation,2021-12-28,367181,486,0,0
N92000002,Northern Ireland,nation,2021-12-27,367181,470,0,0
N92000002,Northern Ireland,nation,2021-12-26,367181,436,0,0
N92000002,Northern Ireland,nation,2021-12-25,367181,417,0,0
N92000002,Northern Ireland,nation,2021-12-24,367181,408,3286,3
N92000002,Northern Ireland,nation,2021-12-23,363895,410,3227,1
N92000002,Northern Ireland,nation,2021-12-22,360668,418,3231,3
N92000002,Northern Ireland,nation,2021-12-21,357437,412,2096,3
N92000002,Northern Ireland,nation,2021-12-20,355341,409,2148,1
N92000002,Northern Ireland,nation,2021-12-19,353193,427,1798,2
N92000002,Northern Ireland,nation,2021-12-18,351395,418,2075,5
N92000002,Northern Ireland,nation,2021-12-17,349320,420,1887,3
N92000002,Northern Ireland,nation,2021-12-16,347433,431,2237,6
N92000002,Northern Ireland,nation,2021-12-15,345196,427,2156,4
N92000002,Northern Ireland,nation,2021-12-14,343040,423,1581,4
N92000002,Northern Ireland,nation,2021-12-13,341459,438,1431,4
N92000002,Northern Ireland,nation,2021-12-12,340028,438,1548,3
N92000002,Northern Ireland,nation,2021-12-11,338480,427,1446,3
N92000002,Northern Ireland,nation,2021-12-10,337034,415,1806,2
N92000002,Northern Ireland,nation,2021-12-09,335228,429,1819,4
N92000002,Northern Ireland,nation,2021-12-08,333409,447,1933,5
N92000002,Northern Ireland,nation,2021-12-07,331476,449,1658,5
N92000002,Northern Ireland,nation,2021-12-06,329818,453,1635,1
N92000002,Northern Ireland,nation,2021-12-05,328183,449,1422,7
N92000002,Northern Ireland,nation,2021-12-04,326761,431,1642,9
N92000002,Northern Ireland,nation,2021-12-03,325119,428,1908,4
N92000002,Northern Ireland,nation,2021-12-02,323211,431,2272,2
N92000002,Northern Ireland,nation,2021-12-01,320939,422,1992,4
N92000002,Northern Ireland,nation,2021-11-30,318947,432,1585,2
N92000002,Northern Ireland,nation,2021-11-29,317362,433,1464,4
N92000002,Northern Ireland,nation,2021-11-28,315898,446,1405,2
N92000002,Northern Ireland,nation,2021-11-27,314493,432,1482,2
N92000002,Northern Ireland,nation,2021-11-26,313011,439,2004,9
N92000002,Northern Ireland,nation,2021-11-25,311007,452,1549,5
N92000002,Northern Ireland,nation,2021-11-24,309458,478,1931,4
N92000002,Northern Ireland,nation,2021-11-23,307527,483,1476,4
N92000002,Northern Ireland,nation,2021-11-22,306051,487,1469,3
N92000002,Northern Ireland,nation,2021-11-21,304582,495,1406,7
N92000002,Northern Ireland,nation,2021-11-20,303176,485,1846,6
N92000002,Northern Ireland,nation,2021-11-19,301330,483,1690,7
N92000002,Northern Ireland,nation,2021-11-18,299640,497,1681,6
N92000002,Northern Ireland,nation,2021-11-17,297959,510,1848,12
N92000002,Northern Ireland,nation,2021-11-16,296111,518,1698,5
N92000002,Northern Ireland,nation,2021-11-15,294413,532,1457,5
N92000002,Northern Ireland,nation,2021-11-14,292956,552,1377,5
N92000002,Northern Ireland,nation,2021-11-13,291579,541,1806,3
N92000002,Northern Ireland,nation,2021-11-12,289773,525,1087,2
N92000002,Northern Ireland,nation,2021-11-11,288686,521,1462,6
N92000002,Northern Ireland,nation,2021-11-10,287224,537,1765,7
N92000002,Northern Ireland,nation,2021-11-09,285459,534,1228,7
N92000002,Northern Ireland,nation,2021-11-08,284231,531,1028,11
N92000002,Northern Ireland,nation,2021-11-07,283203,538,1035,4
N92000002,Northern Ireland,nation,2021-11-06,282168,531,1194,6
N92000002,Northern Ireland,nation,2021-11-05,280974,533,1164,4
N92000002,Northern Ireland,nation,2021-11-04,279810,531,1481,12
N92000002,Northern Ireland,nation,2021-11-03,278329,525,995,9
N92000002,Northern Ireland,nation,2021-11-02,277334,535,1114,2
N92000002,Northern Ireland,nation,2021-11-01,276220,541,948,10
N92000002,Northern Ireland,nation,2021-10-31,275272,546,1001,6
N92000002,Northern Ireland,nation,2021-10-30,274271,538,1207,8
N92000002,Northern Ireland,nation,2021-10-29,273064,517,1321,7
N92000002,Northern Ireland,nation,2021-10-28,271743,512,1122,9
N92000002,Northern Ireland,nation,2021-10-27,270621,506,1291,6
N92000002,Northern Ireland,nation,2021-10-26,269330,507,1124,4
N92000002,Northern Ireland,nation,2021-10-25,268206,511,1019,4
N92000002,Northern Ireland,nation,2021-10-24,267187,502,1061,5
N92000002,Northern Ireland,nation,2021-10-23,266126,481,1323,10
N92000002,Northern Ireland,nation,2021-10-22,264803,475,1355,7
N92000002,Northern Ireland,nation,2021-10-21,263448,494,1051,4
N92000002,Northern Ireland,nation,2021-10-20,262397,494,1423,6
N92000002,Northern Ireland,nation,2021-10-19,260974,487,1367,8
N92000002,Northern Ireland,nation,2021-10-18,259607,488,1091,3
N92000002,Northern Ireland,nation,2021-10-17,258516,477,966,4
N92000002,Northern Ireland,nation,2021-10-16,257550,455,1218,4
N92000002,Northern Ireland,nation,2021-10-15,256332,456,1349,4
N92000002,Northern Ireland,nation,2021-10-14,254983,455,1304,6
N92000002,Northern Ireland,nation,2021-10-13,253679,457,1471,1
N92000002,Northern Ireland,nation,2021-10-12,252208,457,1278,6
N92000002,Northern Ireland,nation,2021-10-11,250930,456,1109,5
N92000002,Northern Ireland,nation,2021-10-10,249821,448,1115,3
N92000002,Northern Ireland,nation,2021-10-09,248706,441,1274,4
N92000002,Northern Ireland,nation,2021-10-08,247432,428,1276,2
N92000002,Northern Ireland,nation,2021-10-07,246156,439,1305,4
N92000002,Northern Ireland,nation,2021-10-06,244851,434,1339,2
N92000002,Northern Ireland,nation,2021-10-05,243512,433,1209,3
N92000002,Northern Ireland,nation,2021-10-04,242303,430,1080,3
N92000002,Northern Ireland,nation,2021-10-03,241223,427,892,2
N92000002,Northern Ireland,nation,2021-10-02,240331,415,992,1
N92000002,Northern Ireland,nation,2021-10-01,239339,412,1039,8
N92000002,Northern Ireland,nation,2021-09-30,238300,423,1163,2
N92000002,Northern Ireland,nation,2021-09-29,237137,427,1320,2
N92000002,Northern Ireland,nation,2021-09-28,235817,428,1078,4
N92000002,Northern Ireland,nation,2021-09-27,234739,437,903,4
N92000002,Northern Ireland,nation,2021-09-26,233836,438,1020,6
N92000002,Northern Ireland,nation,2021-09-25,232816,428,1120,5
N92000002,Northern Ireland,nation,2021-09-24,231696,420,1030,8
N92000002,Northern Ireland,nation,2021-09-23,230666,437,1165,8
N92000002,Northern Ireland,nation,2021-09-22,229501,458,1060,4
N92000002,Northern Ireland,nation,2021-09-21,228441,473,1145,4
N92000002,Northern Ireland,nation,2021-09-20,227296,469,1020,5
N92000002,Northern Ireland,nation,2021-09-19,226276,478,889,5
N92000002,Northern Ireland,nation,2021-09-18,225387,469,1072,6
N92000002,Northern Ireland,nation,2021-09-17,224315,466,1239,10
N92000002,Northern Ireland,nation,2021-09-16,223076,483,1071,5
N92000002,Northern Ireland,nation,2021-09-15,222005,500,1304,10
N92000002,Northern Ireland,nation,2021-09-14,220701,494,1590,7
N92000002,Northern Ireland,nation,2021-09-13,219111,513,1199,8
N92000002,Northern Ireland,nation,2021-09-12,217912,509,1031,6
N92000002,Northern Ireland,nation,2021-09-11,216881,505,1424,3
N92000002,Northern Ireland,nation,2021-09-10,215457,497,1687,6
N92000002,Northern Ireland,nation,2021-09-09,213770,525,1831,8
N92000002,Northern Ireland,nation,2021-09-08,211939,531,1210,6
N92000002,Northern Ireland,nation,2021-09-07,210729,535,1748,7
N92000002,Northern Ireland,nation,2021-09-06,208981,529,1764,9
N92000002,Northern Ireland,nation,2021-09-05,207217,522,1232,7
N92000002,Northern Ireland,nation,2021-09-04,205985,510,1812,7
N92000002,Northern Ireland,nation,2021-09-03,204173,498,1248,9
N92000002,Northern Ireland,nation,2021-09-02,202925,496,793,12
N92000002,Northern Ireland,nation,2021-09-01,202132,510,1472,9
N92000002,Northern Ireland,nation,2021-08-31,200660,504,1313,6
N92000002,Northern Ireland,nation,2021-08-30,199347,506,1259,6
N92000002,Northern Ireland,nation,2021-08-29,198088,491,1225,9
N92000002,Northern Ireland,nation,2021-08-28,196863,482,1430,6
N92000002,Northern Ireland,nation,2021-08-27,195433,482,1875,5
N92000002,Northern Ireland,nation,2021-08-26,193558,479,1550,4
N92000002,Northern Ireland,nation,2021-08-25,192008,463,1771,5
N92000002,Northern Ireland,nation,2021-08-24,190237,476,1648,12
N92000002,Northern Ireland,nation,2021-08-23,188589,464,1320,9
N92000002,Northern Ireland,nation,2021-08-22,187269,472,1485,11
N92000002,Northern Ireland,nation,2021-08-21,185784,455,1612,4
N92000002,Northern Ireland,nation,2021-08-20,184172,446,2397,9
N92000002,Northern Ireland,nation,2021-08-19,181775,461,1963,9
N92000002,Northern Ireland,nation,2021-08-18,179812,470,1345,11
N92000002,Northern Ireland,nation,2021-08-17,178467,484,1564,7
N92000002,Northern Ireland,nation,2021-08-16,176903,477,1306,3
N92000002,Northern Ireland,nation,2021-08-15,175597,464,1294,3
N92000002,Northern Ireland,nation,2021-08-14,174303,446,1437,5
N92000002,Northern Ireland,nation,2021-08-13,172866,430,1389,4
N92000002,Northern Ireland,nation,2021-08-12,171477,448,1610,3
N92000002,Northern Ireland,nation,2021-08-11,169867,441,1467,3
N92000002,Northern Ireland,nation,2021-08-10,168400,433,1305,2
N92000002,Northern Ireland,nation,2021-08-09,167095,424,1031,8
N92000002,Northern Ireland,nation,2021-08-08,166064,424,1129,1
N92000002,Northern Ireland,nation,2021-08-07,164935,401,1349,6
N92000002,Northern Ireland,nation,2021-08-06,163586,378,1434,4
N92000002,Northern Ireland,nation,2021-08-05,162152,354,1641,3
N92000002,Northern Ireland,nation,2021-08-04,160511,336,1040,1
N92000002,Northern Ireland,nation,2021-08-03,159471,340,1082,6
N92000002,Northern Ireland,nation,2021-08-02,158389,344,872,5
N92000002,Northern Ireland,nation,2021-08-01,157517,327,1072,5
N92000002,Northern Ireland,nation,2021-07-31,156445,317,1177,8
N92000002,Northern Ireland,nation,2021-07-30,155268,310,1101,3
N92000002,Northern Ireland,nation,2021-07-29,154167,306,1471,2
N92000002,Northern Ireland,nation,2021-07-28,152696,311,1600,3
N92000002,Northern Ireland,nation,2021-07-27,151096,325,1473,3
N92000002,Northern Ireland,nation,2021-07-26,149623,332,639,0
N92000002,Northern Ireland,nation,2021-07-25,148984,318,1264,2
N92000002,Northern Ireland,nation,2021-07-24,147720,294,1520,1
N92000002,Northern Ireland,nation,2021-07-23,146200,283,1337,1
N92000002,Northern Ireland,nation,2021-07-22,144863,267,1430,0
N92000002,Northern Ireland,nation,2021-07-21,143433,234,1973,2
N92000002,Northern Ireland,nation,2021-07-20,141460,219,1138,1
N92000002,Northern Ireland,nation,2021-07-19,140322,204,1776,1
N92000002,Northern Ireland,nation,2021-07-18,138546,200,537,1
N92000002,Northern Ireland,nation,2021-07-17,138009,182,1402,2
N92000002,Northern Ireland,nation,2021-07-16,136607,169,1380,0
N92000002,Northern Ireland,nation,2021-07-15,135227,168,1083,0
N92000002,Northern Ireland,nation,2021-07-14,134144,153,636,1
N92000002,Northern Ireland,nation,2021-07-13,133508,132,511,0
N92000002,Northern Ireland,nation,2021-07-12,132997,126,528,0
N92000002,Northern Ireland,nation,2021-07-11,132469,113,605,1
N92000002,Northern Ireland,nation,2021-07-10,131864,107,445,1
N92000002,Northern Ireland,nation,2021-07-09,131419,97,605,0
N92000002,Northern Ireland,nation,2021-07-08,130814,99,627,0
N92000002,Northern Ireland,nation,2021-07-07,130187,95,570,0
N92000002,Northern Ireland,nation,2021-07-06,129617,86,417,0
N92000002,Northern Ireland,nation,2021-07-05,129200,80,420,0
N92000002,Northern Ireland,nation,2021-07-04,128780,77,533,0
N92000002,Northern Ireland,nation,2021-07-03,128247,72,460,0
N92000002,Northern Ireland,nation,2021-07-02,127787,70,339,1
N92000002,Northern Ireland,nation,2021-07-01,127448,60,326,0
N92000002,Northern Ireland,nation,2021-06-30,127122,55,375,0
N92000002,Northern Ireland,nation,2021-06-29,126747,49,278,0
N92000002,Northern Ireland,nation,2021-06-28,126469,44,211,0
N92000002,Northern Ireland,nation,2021-06-27,126258,40,261,0
N92000002,Northern Ireland,nation,2021-06-26,125997,35,298,0
N92000002,Northern Ireland,nation,2021-06-25,125699,31,229,0
N92000002,Northern Ireland,nation,2021-06-24,125470,31,198,0
N92000002,Northern Ireland,nation,2021-06-23,125272,32,188,0
N92000002,Northern Ireland,nation,2021-06-22,125084,29,187,0
N92000002,Northern Ireland,nation,2021-06-21,124897,26,133,0
N92000002,Northern Ireland,nation,2021-06-20,124764,24,125,0
N92000002,Northern Ireland,nation,2021-06-19,124639,24,158,0
N92000002,Northern Ireland,nation,2021-06-18,124481,25,178,0
N92000002,Northern Ireland,nation,2021-06-17,124303,25,179,0
N92000002,Northern Ireland,nation,2021-06-16,124124,25,143,0
N92000002,Northern Ireland,nation,2021-06-15,123981,24,115,0
N92000002,Northern Ireland,nation,2021-06-14,123866,22,87,0
N92000002,Northern Ireland,nation,2021-06-13,123779,22,70,0
N92000002,Northern Ireland,nation,2021-06-12,123709,24,107,0
N92000002,Northern Ireland,nation,2021-06-11,123602,26,121,1
N92000002,Northern Ireland,nation,2021-06-10,123481,26,109,0
N92000002,Northern Ireland,nation,2021-06-09,123372,27,105,0
N92000002,Northern Ireland,nation,2021-06-08,123267,29,81,0
N92000002,Northern Ireland,nation,2021-06-07,123186,28,54,0
N92000002,Northern Ireland,nation,2021-06-06,123132,25,69,0
N92000002,Northern Ireland,nation,2021-06-05,123063,25,95,0
N92000002,Northern Ireland,nation,2021-06-04,122968,24,73,0
N92000002,Northern Ireland,nation,2021-06-03,122895,27,80,1
N92000002,Northern Ireland,nation,2021-06-02,122815,26,84,0
N92000002,Northern Ireland,nation,2021-06-01,122731,30,54,0
N92000002,Northern Ireland,nation,2021-05-31,122677,29,39,0
N92000002,Northern Ireland,nation,2021-05-30,122638,33,63,0
N92000002,Northern Ireland,nation,2021-05-29,122575,35,68,1
N92000002,Northern Ireland,nation,2021-05-28,122507,34,75,0
N92000002,Northern Ireland,nation,2021-05-27,122432,32,84,0
N92000002,Northern Ireland,nation,2021-05-26,122348,34,66,0
N92000002,Northern Ireland,nation,2021-05-25,122282,35,75,0
N92000002,Northern Ireland,nation,2021-05-24,122207,37,53,0
N92000002,Northern Ireland,nation,2021-05-23,122154,39,77,0
N92000002,Northern Ireland,nation,2021-05-22,122077,40,82,0
N92000002,Northern Ireland,nation,2021-05-21,121995,38,84,0
N92000002,Northern Ireland,nation,2021-05-20,121911,40,90,0
N92000002,Northern Ireland,nation,2021-05-19,121821,44,107,0
N92000002,Northern Ireland,nation,2021-05-18,121714,44,104,2
N92000002,Northern Ireland,nation,2021-05-17,121610,45,82,1
N92000002,Northern Ireland,nation,2021-05-16,121528,44,109,0
N92000002,Northern Ireland,nation,2021-05-15,121419,48,0,0
N92000002,Northern Ireland,nation,2021-05-14,121419,49,96,0
N92000002,Northern Ireland,nation,2021-05-13,121323,51,99,1
N92000002,Northern Ireland,nation,2021-05-12,121224,56,113,0
N92000002,Northern Ireland,nation,2021-05-11,121111,60,89,1
N92000002,Northern Ireland,nation,2021-05-10,121022,65,76,0
N92000002,Northern Ireland,nation,2021-05-09,120946,68,98,0
N92000002,Northern Ireland,nation,2021-05-08,120848,64,81,0
N92000002,Northern Ireland,nation,2021-05-07,120767,63,65,1
N92000002,Northern Ireland,nation,2021-05-06,120702,70,102,0
N92000002,Northern Ireland,nation,2021-05-05,120600,76,99,0
N92000002,Northern Ireland,nation,2021-05-04,120501,79,83,0
N92000002,Northern Ireland,nation,2021-05-03,120418,80,64,0
N92000002,Northern Ireland,nation,2021-05-02,120354,75,69,1
N92000002,Northern Ireland,nation,2021-05-01,120285,78,90,0
N92000002,Northern Ireland,nation,2021-04-30,120195,76,108,1
N92000002,Northern Ireland,nation,2021-04-29,120087,73,95,0
N92000002,Northern Ireland,nation,2021-04-28,119992,79,98,1
N92000002,Northern Ireland,nation,2021-04-27,119894,79,109,0
N92000002,Northern Ireland,nation,2021-04-26,119785,77,73,1
N92000002,Northern Ireland,nation,2021-04-25,119712,79,73,0
N92000002,Northern Ireland,nation,2021-04-24,119639,75,80,1
N92000002,Northern Ireland,nation,2021-04-23,119559,75,88,1
N92000002,Northern Ireland,nation,2021-04-22,119471,74,120,3
N92000002,Northern Ireland,nation,2021-04-21,119351,76,116,1
N92000002,Northern Ireland,nation,2021-04-20,119235,70,124,1
N92000002,Northern Ireland,nation,2021-04-19,119111,74,79,0
N92000002,Northern Ireland,nation,2021-04-18,119032,79,82,0
N92000002,Northern Ireland,nation,2021-04-17,118950,80,99,2
N92000002,Northern Ireland,nation,2021-04-16,118851,81,119,1
N92000002,Northern Ireland,nation,2021-04-15,118732,78,159,2
N92000002,Northern Ireland,nation,2021-04-14,118573,80,97,1
N92000002,Northern Ireland,nation,2021-04-13,118476,86,112,0
N92000002,Northern Ireland,nation,2021-04-12,118364,89,97,0
N92000002,Northern Ireland,nation,2021-04-11,118267,97,89,1
N92000002,Northern Ireland,nation,2021-04-10,118178,99,146,3
N92000002,Northern Ireland,nation,2021-04-09,118032,96,113,2
N92000002,Northern Ireland,nation,2021-04-08,117919,109,98,2
N92000002,Northern Ireland,nation,2021-04-07,117821,116,88,0
N92000002,Northern Ireland,nation,2021-04-06,117733,116,57,3
N92000002,Northern Ireland,nation,2021-04-05,117676,116,89,2
N92000002,Northern Ireland,nation,2021-04-04,117587,122,0,0
N92000002,Northern Ireland,nation,2021-04-03,117587,123,84,0
N92000002,Northern Ireland,nation,2021-04-02,117503,128,107,1
N92000002,Northern Ireland,nation,2021-04-01,117396,133,107,0
N92000002,Northern Ireland,nation,2021-03-31,117289,131,123,0
N92000002,Northern Ireland,nation,2021-03-30,117166,137,151,5
N92000002,Northern Ireland,nation,2021-03-29,117015,152,65,0
N92000002,Northern Ireland,nation,2021-03-28,116950,161,116,2
N92000002,Northern Ireland,nation,2021-03-27,116834,157,138,2
N92000002,Northern Ireland,nation,2021-03-26,116696,155,181,0
N92000002,Northern Ireland,nation,2021-03-25,116515,166,183,0
N92000002,Northern Ireland,nation,2021-03-24,116332,181,139,0
N92000002,Northern Ireland,nation,2021-03-23,116193,182,174,2
N92000002,Northern Ireland,nation,2021-03-22,116019,183,87,1
N92000002,Northern Ireland,nation,2021-03-21,115932,197,125,1
N92000002,Northern Ireland,nation,2021-03-20,115807,196,159,0
N92000002,Northern Ireland,nation,2021-03-19,115648,197,137,3
N92000002,Northern Ireland,nation,2021-03-18,115511,203,169,1
N92000002,Northern Ireland,nation,2021-03-17,115342,209,161,0
N92000002,Northern Ireland,nation,2021-03-16,115181,203,164,1
N92000002,Northern Ireland,nation,2021-03-15,115017,209,121,1
N92000002,Northern Ireland,nation,2021-03-14,114896,217,143,0
N92000002,Northern Ireland,nation,2021-03-13,114753,219,146,1
N92000002,Northern Ireland,nation,2021-03-12,114607,214,208,1
N92000002,Northern Ireland,nation,2021-03-11,114399,220,223,9
N92000002,Northern Ireland,nation,2021-03-10,114176,221,147,8
N92000002,Northern Ireland,nation,2021-03-09,114029,244,240,2
N92000002,Northern Ireland,nation,2021-03-08,113789,261,144,2
N92000002,Northern Ireland,nation,2021-03-07,113645,261,138,3
N92000002,Northern Ireland,nation,2021-03-06,113507,258,172,4
N92000002,Northern Ireland,nation,2021-03-05,113335,259,166,2
N92000002,Northern Ireland,nation,2021-03-04,113169,277,163,3
N92000002,Northern Ireland,nation,2021-03-03,113006,288,226,4
N92000002,Northern Ireland,nation,2021-03-02,112780,310,149,2
N92000002,Northern Ireland,nation,2021-03-01,112631,334,138,2
N92000002,Northern Ireland,nation,2021-02-28,112493,342,136,3
N92000002,Northern Ireland,nation,2021-02-27,112357,346,184,2
N92000002,Northern Ireland,nation,2021-02-26,112173,349,241,2
N92000002,Northern Ireland,nation,2021-02-25,111932,376,281,5
N92000002,Northern Ireland,nation,2021-02-24,111651,390,260,2
N92000002,Northern Ireland,nation,2021-02-23,111391,412,225,5
N92000002,Northern Ireland,nation,2021-02-22,111166,428,187,4
N92000002,Northern Ireland,nation,2021-02-21,110979,446,263,4
N92000002,Northern Ireland,nation,2021-02-20,110716,450,276,3
N92000002,Northern Ireland,nation,2021-02-19,110440,449,313,5
N92000002,Northern Ireland,nation,2021-02-18,110127,463,342,6
N92000002,Northern Ireland,nation,2021-02-17,109785,475,297,6
N92000002,Northern Ireland,nation,2021-02-16,109488,493,341,9
N92000002,Northern Ireland,nation,2021-02-15,109147,524,234,4
N92000002,Northern Ireland,nation,2021-02-14,108913,530,176,11
N92000002,Northern Ireland,nation,2021-02-13,108737,525,303,10
N92000002,Northern Ireland,nation,2021-02-12,108434,526,407,9
N92000002,Northern Ireland,nation,2021-02-11,108027,558,253,9
N92000002,Northern Ireland,nation,2021-02-10,107774,583,336,4
N92000002,Northern Ireland,nation,2021-02-09,107438,612,275,10
N92000002,Northern Ireland,nation,2021-02-08,107163,639,296,12
N92000002,Northern Ireland,nation,2021-02-07,106867,675,334,9
N92000002,Northern Ireland,nation,2021-02-06,106533,673,390,7
N92000002,Northern Ireland,nation,2021-02-05,106143,680,506,16
N92000002,Northern Ireland,nation,2021-02-04,105637,723,412,10
N92000002,Northern Ireland,nation,2021-02-03,105225,767,504,11
N92000002,Northern Ireland,nation,2021-02-02,104721,797,447,17
N92000002,Northern Ireland,nation,2021-02-01,104274,825,314,11
N92000002,Northern Ireland,nation,2021-01-31,103960,855,426,19
N92000002,Northern Ireland,nation,2021-01-30,103534,850,455,17
N92000002,Northern Ireland,nation,2021-01-29,103079,845,669,22
N92000002,Northern Ireland,nation,2021-01-28,102410,872,592,13
N92000002,Northern Ireland,nation,2021-01-27,101818,907,527,16
N92000002,Northern Ireland,nation,2021-01-26,101291,946,550,16
N92000002,Northern Ireland,nation,2021-01-25,100741,971,422,17
N92000002,Northern Ireland,nation,2021-01-24,100319,998,433,14
N92000002,Northern Ireland,nation,2021-01-23,99886,975,670,12
N92000002,Northern Ireland,nation,2021-01-22,99216,971,865,12
N92000002,Northern Ireland,nation,2021-01-21,98351,989,732,21
N92000002,Northern Ireland,nation,2021-01-20,97619,984,905,22
N92000002,Northern Ireland,nation,2021-01-19,96714,1003,713,24
N92000002,Northern Ireland,nation,2021-01-18,96001,1029,640,19
N92000002,Northern Ireland,nation,2021-01-17,95361,1047,822,25
N92000002,Northern Ireland,nation,2021-01-16,94539,1040,705,22
N92000002,Northern Ireland,nation,2021-01-15,93834,1019,1052,26
N92000002,Northern Ireland,nation,2021-01-14,92782,1047,973,16
N92000002,Northern Ireland,nation,2021-01-13,91809,1056,1145,19
N92000002,Northern Ireland,nation,2021-01-12,90664,1054,1205,22
N92000002,Northern Ireland,nation,2021-01-11,89459,1048,759,16
N92000002,Northern Ireland,nation,2021-01-10,88700,1053,1112,17
N92000002,Northern Ireland,nation,2021-01-09,87588,1000,1442,9
N92000002,Northern Ireland,nation,2021-01-08,86146,967,1500,20
N92000002,Northern Ireland,nation,2021-01-07,84646,931,1410,17
N92000002,Northern Ireland,nation,2021-01-06,83236,922,1985,13
N92000002,Northern Ireland,nation,2021-01-05,81251,909,1378,18
N92000002,Northern Ireland,nation,2021-01-04,79873,902,1801,12
N92000002,Northern Ireland,nation,2021-01-03,78072,894,1662,6
N92000002,Northern Ireland,nation,2021-01-02,76410,856,3576,26
N92000002,Northern Ireland,nation,2021-01-01,72834,829,0,0
N92000002,Northern Ireland,nation,2020-12-31,72834,796,1929,11
N92000002,Northern Ireland,nation,2020-12-30,70905,804,2143,6
N92000002,Northern Ireland,nation,2020-12-29,68762,778,1566,14
N92000002,Northern Ireland,nation,2020-12-28,67196,740,1634,20
N92000002,Northern Ireland,nation,2020-12-27,65562,712,0,0
N92000002,Northern Ireland,nation,2020-12-26,65562,679,998,20
N92000002,Northern Ireland,nation,2020-12-25,64564,647,0,0
N92000002,Northern Ireland,nation,2020-12-24,64564,630,841,11
N92000002,Northern Ireland,nation,2020-12-23,63723,643,787,21
N92000002,Northern Ireland,nation,2020-12-22,62936,653,439,16
N92000002,Northern Ireland,nation,2020-12-21,62497,663,555,7
N92000002,Northern Ireland,nation,2020-12-20,61942,658,505,13
N92000002,Northern Ireland,nation,2020-12-19,61437,642,640,17
N92000002,Northern Ireland,nation,2020-12-18,60797,634,510,12
N92000002,Northern Ireland,nation,2020-12-17,60287,644,656,12
N92000002,Northern Ireland,nation,2020-12-16,59631,662,510,8
N92000002,Northern Ireland,nation,2020-12-15,59121,664,486,6
N92000002,Northern Ireland,nation,2020-12-14,58635,652,419,5
N92000002,Northern Ireland,nation,2020-12-13,58216,638,483,4
N92000002,Northern Ireland,nation,2020-12-12,57733,618,476,9
N92000002,Northern Ireland,nation,2020-12-11,57257,600,538,12
N92000002,Northern Ireland,nation,2020-12-10,56719,615,441,14
N92000002,Northern Ireland,nation,2020-12-09,56278,612,483,12
N92000002,Northern Ireland,nation,2020-12-08,55795,634,351,14
N92000002,Northern Ireland,nation,2020-12-07,55444,617,397,9
N92000002,Northern Ireland,nation,2020-12-06,55047,621,419,11
N92000002,Northern Ireland,nation,2020-12-05,54628,608,451,7
N92000002,Northern Ireland,nation,2020-12-04,54177,600,449,6
N92000002,Northern Ireland,nation,2020-12-03,53728,593,456,11
N92000002,Northern Ireland,nation,2020-12-02,53272,594,416,4
N92000002,Northern Ireland,nation,2020-12-01,52856,613,391,15
N92000002,Northern Ireland,nation,2020-11-30,52465,617,290,10
N92000002,Northern Ireland,nation,2020-11-29,52175,618,351,3
N92000002,Northern Ireland,nation,2020-11-28,51824,597,315,9
N92000002,Northern Ireland,nation,2020-11-27,51509,589,391,12
N92000002,Northern Ireland,nation,2020-11-26,51118,595,442,8
N92000002,Northern Ireland,nation,2020-11-25,50676,608,533,7
N92000002,Northern Ireland,nation,2020-11-24,50143,607,79,11
N92000002,Northern Ireland,nation,2020-11-23,50064,611,280,3
N92000002,Northern Ireland,nation,2020-11-22,49784,635,342,10
N92000002,Northern Ireland,nation,2020-11-21,49442,626,357,10
N92000002,Northern Ireland,nation,2020-11-20,49085,614,369,12
N92000002,Northern Ireland,nation,2020-11-19,48716,628,487,12
N92000002,Northern Ireland,nation,2020-11-18,48229,634,518,11
N92000002,Northern Ireland,nation,2020-11-17,47711,635,549,9
N92000002,Northern Ireland,nation,2020-11-16,47162,646,331,14
N92000002,Northern Ireland,nation,2020-11-15,46831,633,472,9
N92000002,Northern Ireland,nation,2020-11-14,46359,622,511,10
N92000002,Northern Ireland,nation,2020-11-13,45848,620,607,11
N92000002,Northern Ireland,nation,2020-11-12,45241,639,548,15
N92000002,Northern Ireland,nation,2020-11-11,44693,647,791,8
N92000002,Northern Ireland,nation,2020-11-10,43902,648,514,11
N92000002,Northern Ireland,nation,2020-11-09,43388,625,471,10
N92000002,Northern Ireland,nation,2020-11-08,42917,629,420,7
N92000002,Northern Ireland,nation,2020-11-07,42497,602,528,14
N92000002,Northern Ireland,nation,2020-11-06,41969,595,595,8
N92000002,Northern Ireland,nation,2020-11-05,41374,604,516,12
N92000002,Northern Ireland,nation,2020-11-04,40858,609,679,10
N92000002,Northern Ireland,nation,2020-11-03,40179,614,570,6
N92000002,Northern Ireland,nation,2020-11-02,39609,607,493,8
N92000002,Northern Ireland,nation,2020-11-01,39116,595,685,8
N92000002,Northern Ireland,nation,2020-10-31,38431,580,649,11
N92000002,Northern Ireland,nation,2020-10-30,37782,560,566,9
N92000002,Northern Ireland,nation,2020-10-29,37216,565,822,8
N92000002,Northern Ireland,nation,2020-10-28,36394,552,840,9
N92000002,Northern Ireland,nation,2020-10-27,35554,558,722,13
N92000002,Northern Ireland,nation,2020-10-26,34832,546,727,5
N92000002,Northern Ireland,nation,2020-10-25,34105,546,896,8
N92000002,Northern Ireland,nation,2020-10-24,33209,526,923,6
N92000002,Northern Ireland,nation,2020-10-23,32286,498,1252,5
N92000002,Northern Ireland,nation,2020-10-22,31034,482,1042,5
N92000002,Northern Ireland,nation,2020-10-21,29992,464,1039,5
N92000002,Northern Ireland,nation,2020-10-20,28953,464,913,3
N92000002,Northern Ireland,nation,2020-10-19,28040,444,820,6
N92000002,Northern Ireland,nation,2020-10-18,27220,433,1012,5
N92000002,Northern Ireland,nation,2020-10-17,26208,407,1031,2
N92000002,Northern Ireland,nation,2020-10-16,25177,373,1299,2
N92000002,Northern Ireland,nation,2020-10-15,23878,349,763,4
N92000002,Northern Ireland,nation,2020-10-14,23115,331,1217,4
N92000002,Northern Ireland,nation,2020-10-13,21898,316,863,7
N92000002,Northern Ireland,nation,2020-10-12,21035,297,877,3
N92000002,Northern Ireland,nation,2020-10-11,20158,290,1066,1
N92000002,Northern Ireland,nation,2020-10-10,19092,265,902,0
N92000002,Northern Ireland,nation,2020-10-09,18190,244,1080,0
N92000002,Northern Ireland,nation,2020-10-08,17110,245,923,1
N92000002,Northern Ireland,nation,2020-10-07,16187,231,828,1
N92000002,Northern Ireland,nation,2020-10-06,15359,216,669,1
N92000002,Northern Ireland,nation,2020-10-05,14690,198,616,0
N92000002,Northern Ireland,nation,2020-10-04,14074,181,462,1
N92000002,Northern Ireland,nation,2020-10-03,13612,166,726,1
N92000002,Northern Ireland,nation,2020-10-02,12886,150,934,1
N92000002,Northern Ireland,nation,2020-10-01,11952,155,259,2
N92000002,Northern Ireland,nation,2020-09-30,11693,146,424,1
N92000002,Northern Ireland,nation,2020-09-29,11269,138,320,0
N92000002,Northern Ireland,nation,2020-09-28,10949,134,220,0
N92000002,Northern Ireland,nation,2020-09-27,10729,118,187,0
N92000002,Northern Ireland,nation,2020-09-26,10542,109,319,1
N92000002,Northern Ireland,nation,2020-09-25,10223,100,273,0
N92000002,Northern Ireland,nation,2020-09-24,9950,100,189,0
N92000002,Northern Ireland,nation,2020-09-23,9761,97,220,0
N92000002,Northern Ireland,nation,2020-09-22,9541,92,75,0
N92000002,Northern Ireland,nation,2020-09-21,9466,87,125,2
N92000002,Northern Ireland,nation,2020-09-20,9341,79,176,0
N92000002,Northern Ireland,nation,2020-09-19,9165,73,222,0
N92000002,Northern Ireland,nation,2020-09-18,8943,72,163,2
N92000002,Northern Ireland,nation,2020-09-17,8780,71,149,0
N92000002,Northern Ireland,nation,2020-09-16,8631,72,129,2
N92000002,Northern Ireland,nation,2020-09-15,8502,74,79,1
N92000002,Northern Ireland,nation,2020-09-14,8423,74,109,2
N92000002,Northern Ireland,nation,2020-09-13,8314,71,87,0
N92000002,Northern Ireland,nation,2020-09-12,8227,65,104,0
N92000002,Northern Ireland,nation,2020-09-11,8123,61,88,0
N92000002,Northern Ireland,nation,2020-09-10,8035,58,78,1
N92000002,Northern Ireland,nation,2020-09-09,7957,56,49,0
N92000002,Northern Ireland,nation,2020-09-08,7908,57,40,2
N92000002,Northern Ireland,nation,2020-09-07,7868,53,141,1
N92000002,Northern Ireland,nation,2020-09-06,7727,54,106,0
N92000002,Northern Ireland,nation,2020-09-05,7621,51,118,0
N92000002,Northern Ireland,nation,2020-09-04,7503,51,61,1
N92000002,Northern Ireland,nation,2020-09-03,7442,52,77,1
N92000002,Northern Ireland,nation,2020-09-02,7365,52,71,2
N92000002,Northern Ireland,nation,2020-09-01,7294,58,49,0
N92000002,Northern Ireland,nation,2020-08-31,7245,59,58,0
N92000002,Northern Ireland,nation,2020-08-30,7187,54,49,0
N92000002,Northern Ireland,nation,2020-08-29,7138,55,89,0
N92000002,Northern Ireland,nation,2020-08-28,7049,53,85,0
N92000002,Northern Ireland,nation,2020-08-27,6964,50,69,1
N92000002,Northern Ireland,nation,2020-08-26,6895,47,72,0
N92000002,Northern Ireland,nation,2020-08-25,6823,53,47,0
N92000002,Northern Ireland,nation,2020-08-24,6776,56,10,0
N92000002,Northern Ireland,nation,2020-08-23,6766,52,119,0
N92000002,Northern Ireland,nation,2020-08-22,6647,51,71,0
N92000002,Northern Ireland,nation,2020-08-21,6576,52,20,0
N92000002,Northern Ireland,nation,2020-08-20,6556,51,51,0
N92000002,Northern Ireland,nation,2020-08-19,6505,46,34,0
N92000002,Northern Ireland,nation,2020-08-18,6471,41,41,1
N92000002,Northern Ireland,nation,2020-08-17,6430,37,39,0
N92000002,Northern Ireland,nation,2020-08-16,6391,31,27,0
N92000002,Northern Ireland,nation,2020-08-15,6364,31,65,0
N92000002,Northern Ireland,nation,2020-08-14,6299,30,74,1
N92000002,Northern Ireland,nation,2020-08-13,6225,30,8,0
N92000002,Northern Ireland,nation,2020-08-12,6217,28,29,0
N92000002,Northern Ireland,nation,2020-08-11,6188,29,48,0
N92000002,Northern Ireland,nation,2020-08-10,6140,28,0,1
N92000002,Northern Ireland,nation,2020-08-09,6064,29,0,0
N92000002,Northern Ireland,nation,2020-08-08,6064,28,0,0
N92000002,Northern Ireland,nation,2020-08-07,6064,25,15,0
N92000002,Northern Ireland,nation,2020-08-06,6049,26,43,0
N92000002,Northern Ireland,nation,2020-08-05,6006,23,10,0
N92000002,Northern Ireland,nation,2020-08-04,5996,24,8,0
N92000002,Northern Ireland,nation,2020-08-03,5988,25,0,0
N92000002,Northern Ireland,nation,2020-08-02,5948,26,0,0
N92000002,Northern Ireland,nation,2020-08-01,5948,27,0,0
N92000002,Northern Ireland,nation,2020-07-31,5948,25,10,0
N92000002,Northern Ireland,nation,2020-07-30,5938,24,8,0
N92000002,Northern Ireland,nation,2020-07-29,5930,26,9,0
N92000002,Northern Ireland,nation,2020-07-28,5921,25,9,0
N92000002,Northern Ireland,nation,2020-07-27,5912,25,0,0
N92000002,Northern Ireland,nation,2020-07-26,5891,24,0,0
N92000002,Northern Ireland,nation,2020-07-25,5891,25,0,0
N92000002,Northern Ireland,nation,2020-07-24,5891,25,15,0
N92000002,Northern Ireland,nation,2020-07-23,5876,24,8,0
N92000002,Northern Ireland,nation,2020-07-22,5868,24,9,0
N92000002,Northern Ireland,nation,2020-07-21,5859,25,2,0
N92000002,Northern Ireland,nation,2020-07-20,5857,27,0,0
N92000002,Northern Ireland,nation,2020-07-19,5834,26,0,0
N92000002,Northern Ireland,nation,2020-07-18,5834,25,0,0
N92000002,Northern Ireland,nation,2020-07-17,5834,23,19,0
N92000002,Northern Ireland,nation,2020-07-16,5815,25,16,0
N92000002,Northern Ireland,nation,2020-07-15,5799,25,9,0
N92000002,Northern Ireland,nation,2020-07-14,5790,24,2,0
N92000002,Northern Ireland,nation,2020-07-13,5788,26,0,2
N92000002,Northern Ireland,nation,2020-07-12,5772,27,0,0
N92000002,Northern Ireland,nation,2020-07-11,5772,29,0,0
N92000002,Northern Ireland,nation,2020-07-10,5772,28,4,0
N92000002,Northern Ireland,nation,2020-07-09,5768,30,3,0
N92000002,Northern Ireland,nation,2020-07-08,5765,31,4,0
N92000002,Northern Ireland,nation,2020-07-07,5761,31,5,0
N92000002,Northern Ireland,nation,2020-07-06,5756,30,0,0
N92000002,Northern Ireland,nation,2020-07-05,5747,30,0,0
N92000002,Northern Ireland,nation,2020-07-04,5747,30,0,0
N92000002,Northern Ireland,nation,2020-07-03,5747,28,4,2
N92000002,Northern Ireland,nation,2020-07-02,5768,31,7,1
N92000002,Northern Ireland,nation,2020-07-01,5761,32,1,0
N92000002,Northern Ireland,nation,2020-06-30,5760,34,3,0
N92000002,Northern Ireland,nation,2020-06-29,5757,36,6,1
N92000002,Northern Ireland,nation,2020-06-28,5751,40,1,1
N92000002,Northern Ireland,nation,2020-06-27,5750,37,2,1
N92000002,Northern Ireland,nation,2020-06-26,5748,40,4,1
N92000002,Northern Ireland,nation,2020-06-25,4874,47,1,0
N92000002,Northern Ireland,nation,2020-06-24,4873,48,2,1
N92000002,Northern Ireland,nation,2020-06-23,4871,53,0,1
N92000002,Northern Ireland,nation,2020-06-22,4871,52,1,0
N92000002,Northern Ireland,nation,2020-06-21,4870,51,4,0
N92000002,Northern Ireland,nation,2020-06-20,4866,47,0,1
N92000002,Northern Ireland,nation,2020-06-19,4866,45,3,1
N92000002,Northern Ireland,nation,2020-06-18,4863,50,1,0
N92000002,Northern Ireland,nation,2020-06-17,4862,53,8,1
N92000002,Northern Ireland,nation,2020-06-16,4854,59,2,1
N92000002,Northern Ireland,nation,2020-06-15,4852,66,4,0
N92000002,Northern Ireland,nation,2020-06-14,4848,67,7,0
N92000002,Northern Ireland,nation,2020-06-13,4841,68,3,2
N92000002,Northern Ireland,nation,2020-06-12,4838,70,16,1
N92000002,Northern Ireland,nation,2020-06-11,4822,75,4,1
N92000002,Northern Ireland,nation,2020-06-10,4818,81,13,0
N92000002,Northern Ireland,nation,2020-06-09,4805,83,3,0
N92000002,Northern Ireland,nation,2020-06-08,4802,89,6,0
N92000002,Northern Ireland,nation,2020-06-07,4796,89,6,0
N92000002,Northern Ireland,nation,2020-06-06,4790,89,14,1
N92000002,Northern Ireland,nation,2020-06-05,4776,92,3,1
N92000002,Northern Ireland,nation,2020-06-04,4773,96,33,1
N92000002,Northern Ireland,nation,2020-06-03,4740,108,8,8
N92000002,Northern Ireland,nation,2020-06-02,4732,119,4,2
N92000002,Northern Ireland,nation,2020-06-01,4728,127,12,1
N92000002,Northern Ireland,nation,2020-05-31,4716,139,7,1
N92000002,Northern Ireland,nation,2020-05-30,4709,137,13,1
N92000002,Northern Ireland,nation,2020-05-29,4696,136,17,3
N92000002,Northern Ireland,nation,2020-05-28,4679,144,16,2
N92000002,Northern Ireland,nation,2020-05-27,4663,149,26,2
N92000002,Northern Ireland,nation,2020-05-26,4637,158,28,0
N92000002,Northern Ireland,nation,2020-05-25,4609,159,39,8
N92000002,Northern Ireland,nation,2020-05-24,4570,161,25,1
N92000002,Northern Ireland,nation,2020-05-23,4545,162,41,1
N92000002,Northern Ireland,nation,2020-05-22,4504,164,23,3
N92000002,Northern Ireland,nation,2020-05-21,4481,172,42,7
N92000002,Northern Ireland,nation,2020-05-20,4439,181,18,5
N92000002,Northern Ireland,nation,2020-05-19,4421,197,20,7
N92000002,Northern Ireland,nation,2020-05-18,4401,202,16,6
N92000002,Northern Ireland,nation,2020-05-17,4385,208,28,3
N92000002,Northern Ireland,nation,2020-05-16,4357,206,40,4
N92000002,Northern Ireland,nation,2020-05-15,4317,210,26,15
N92000002,Northern Ireland,nation,2020-05-14,4291,226,38,5
N92000002,Northern Ireland,nation,2020-05-13,4253,245,60,2
N92000002,Northern Ireland,nation,2020-05-12,4193,244,44,9
N92000002,Northern Ireland,nation,2020-05-11,4149,248,30,3
N92000002,Northern Ireland,nation,2020-05-10,4119,241,41,5
N92000002,Northern Ireland,nation,2020-05-09,4078,232,56,4
N92000002,Northern Ireland,nation,2020-05-08,4022,220,38,4
N92000002,Northern Ireland,nation,2020-05-07,3984,231,50,4
N92000002,Northern Ireland,nation,2020-05-06,3934,239,53,14
N92000002,Northern Ireland,nation,2020-05-05,3881,243,45,17
N92000002,Northern Ireland,nation,2020-05-04,3836,260,69,6
N92000002,Northern Ireland,nation,2020-05-03,3767,264,78,5
N92000002,Northern Ireland,nation,2020-05-02,3689,268,66,11
N92000002,Northern Ireland,nation,2020-05-01,3623,269,87,18
N92000002,Northern Ireland,nation,2020-04-30,3536,275,73,9
N92000002,Northern Ireland,nation,2020-04-29,3463,270,55,9
N92000002,Northern Ireland,nation,2020-04-28,3408,277,34,20
N92000002,Northern Ireland,nation,2020-04-27,3374,286,66,10
N92000002,Northern Ireland,nation,2020-04-26,3308,289,82,5
N92000002,Northern Ireland,nation,2020-04-25,3226,298,104,16
N92000002,Northern Ireland,nation,2020-04-24,3122,295,106,15
N92000002,Northern Ireland,nation,2020-04-23,3016,301,142,13
N92000002,Northern Ireland,nation,2020-04-22,2874,310,116,30
N92000002,Northern Ireland,nation,2020-04-21,2758,312,30,13
N92000002,Northern Ireland,nation,2020-04-20,2728,304,83,13
N92000002,Northern Ireland,nation,2020-04-19,2645,298,159,1
N92000002,Northern Ireland,nation,2020-04-18,2486,287,148,17
N92000002,Northern Ireland,nation,2020-04-17,2338,290,137,18
N92000002,Northern Ireland,nation,2020-04-16,2201,283,113,18
N92000002,Northern Ireland,nation,2020-04-15,2088,278,121,6
N92000002,Northern Ireland,nation,2020-04-14,1967,296,85,10
N92000002,Northern Ireland,nation,2020-04-13,1882,308,76,6
N92000002,Northern Ireland,nation,2020-04-12,1806,316,89,11
N92000002,Northern Ireland,nation,2020-04-11,1717,318,128,15
N92000002,Northern Ireland,nation,2020-04-10,1589,317,112,10
N92000002,Northern Ireland,nation,2020-04-09,1477,347,138,4
N92000002,Northern Ireland,nation,2020-04-08,1339,357,84,5
N92000002,Northern Ireland,nation,2020-04-07,1255,354,97,3
N92000002,Northern Ireland,nation,2020-04-06,1158,346,69,7
N92000002,Northern Ireland,nation,2020-04-05,1089,330,91,7
N92000002,Northern Ireland,nation,2020-04-04,998,330,94,8
N92000002,Northern Ireland,nation,2020-04-03,904,306,130,12
N92000002,Northern Ireland,nation,2020-04-02,774,305,85,6
N92000002,Northern Ireland,nation,2020-04-01,689,280,103,2
N92000002,Northern Ireland,nation,2020-03-31,586,252,53,6
N92000002,Northern Ireland,nation,2020-03-30,533,227,123,1
N92000002,Northern Ireland,nation,2020-03-29,410,207,86,6
N92000002,Northern Ireland,nation,2020-03-28,324,188,49,2
N92000002,Northern Ireland,nation,2020-03-27,275,158,34,3
N92000002,Northern Ireland,nation,2020-03-26,241,140,32,3
N92000002,Northern Ireland,nation,2020-03-25,209,116,37,2
N92000002,Northern Ireland,nation,2020-03-24,172,94,24,2
N92000002,Northern Ireland,nation,2020-03-23,148,87,20,1
N92000002,Northern Ireland,nation,2020-03-22,128,77,20,0
N92000002,Northern Ireland,nation,2020-03-21,108,70,22,1
N92000002,Northern Ireland,nation,2020-03-20,86,56,9,
N92000002,Northern Ireland,nation,2020-03-19,77,44,9,
N92000002,Northern Ireland,nation,2020-03-18,68,43,6,
N92000002,Northern Ireland,nation,2020-03-17,62,37,10,
N92000002,Northern Ireland,nation,2020-03-16,52,35,7,
N92000002,Northern Ireland,nation,2020-03-15,45,31,11,
N92000002,Northern Ireland,nation,2020-03-14,34,31,5,
N92000002,Northern Ireland,nation,2020-03-13,29,29,10,
N92000002,Northern Ireland,nation,2020-03-12,19,28,1,
N92000002,Northern Ireland,nation,2020-03-11,18,25,2,
N92000002,Northern Ireland,nation,2020-03-10,16,21,0,
N92000002,Northern Ireland,nation,2020-03-09,12,17,3,
N92000002,Northern Ireland,nation,2020-03-08,9,16,5,
N92000002,Northern Ireland,nation,2020-03-07,4,16,2,
N92000002,Northern Ireland,nation,2020-03-06,2,16,2,
N92000002,Northern Ireland,nation,2020-03-05,,13,,
N92000002,Northern Ireland,nation,2020-03-04,,12,,
N92000002,Northern Ireland,nation,2020-03-03,,12,,
N92000002,Northern Ireland,nation,2020-03-02,,12,,
N92000002,Northern Ireland,nation,2020-03-01,,11,,
